years(Äê£© mjd gps(input) gps(rm_leap) gps(rm_leap_3sigma) gps(rm_leap_sigma_depoly) gps(rm_leap_sigma_running_aver) gps(rm_leap_sigma_running_aver_sigma) year month day
2004.001 53005.5   -9.94   -9.94   -9.94   -9.74   -9.31   -9.31 2004    1    1
2004.004 53006.5  -11.79  -11.79  -11.79  -11.59  -11.22  -11.22 2004    1    2
2004.007 53007.5  -11.62  -11.62  -11.62  -11.43  -11.08  -11.08 2004    1    3
2004.010 53008.5  -11.14  -11.14  -11.14  -10.94  -10.63  -10.63 2004    1    4
2004.012 53009.5  -16.46  -16.46  -16.46  -16.26  -15.97  -15.97 2004    1    5
2004.015 53010.5  -13.33  -13.33  -13.33  -13.13  -12.86  -12.86 2004    1    6
2004.018 53011.5  -14.40  -14.40  -14.40  -14.21  -13.96  -13.96 2004    1    7
2004.021 53012.5  -10.55  -10.55  -10.55  -10.36  -10.12  -10.12 2004    1    8
2004.023 53013.5  -14.70  -14.70  -14.70  -14.51  -14.30  -14.30 2004    1    9
2004.026 53014.5  -13.05  -13.05  -13.05  -12.86  -12.64  -12.64 2004    1   10
2004.029 53015.5  -10.42  -10.42  -10.42  -10.23  -10.02  -10.02 2004    1   11
2004.031 53016.5  -15.19  -15.19  -15.19  -15.01  -14.81  -14.81 2004    1   12
2004.034 53017.5   -8.57   -8.57   -8.57   -8.39   -8.20   -8.20 2004    1   13
2004.037 53018.5  -13.73  -13.73  -13.73  -13.55  -13.37  -13.37 2004    1   14
2004.040 53019.5  -15.27  -15.27  -15.27  -15.09  -14.92  -14.92 2004    1   15
2004.042 53020.5  -13.23  -13.23  -13.23  -13.05  -12.88  -12.88 2004    1   16
2004.045 53021.5  -11.23  -11.23  -11.23  -11.04  -10.90  -10.90 2004    1   17
2004.048 53022.5  -11.62  -11.62  -11.62  -11.43  -11.32  -11.32 2004    1   18
2004.051 53023.5   -7.54   -7.54   -7.54   -7.36   -7.27   -7.27 2004    1   19
2004.053 53024.5  -12.51  -12.51  -12.51  -12.33  -12.22  -12.22 2004    1   20
2004.056 53025.5   -9.84   -9.84   -9.84   -9.66   -9.56   -9.56 2004    1   21
2004.059 53026.5  -11.80  -11.80  -11.80  -11.62  -11.54  -11.54 2004    1   22
2004.062 53027.5  -18.32  -18.32  -18.32  -18.14  -18.08  -18.08 2004    1   23
2004.064 53028.5  -13.82  -13.82  -13.82  -13.64  -13.60  -13.60 2004    1   24
2004.067 53029.5   -9.25   -9.25   -9.25   -9.08   -9.05   -9.05 2004    1   25
2004.070 53030.5  -11.20  -11.20  -11.20  -11.02  -11.00  -11.00 2004    1   26
2004.072 53031.5   -7.93   -7.93   -7.93   -7.75   -7.74   -7.74 2004    1   27
2004.075 53032.5   -8.36   -8.36   -8.36   -8.19   -8.20   -8.20 2004    1   28
2004.078 53033.5   -5.73   -5.73   -5.73   -5.56   -5.59   -5.59 2004    1   29
2004.081 53034.5   -8.69   -8.69   -8.69   -8.52   -8.57   -8.57 2004    1   30
2004.083 53035.5   -6.16   -6.16   -6.16   -5.98   -6.04   -6.04 2004    1   31
2004.086 53036.5   -4.05   -4.05   -4.05   -3.88   -3.96   -3.96 2004    2    1
2004.089 53037.5  -10.74  -10.74  -10.74  -10.57  -10.66  -10.66 2004    2    2
2004.092 53038.5   -6.65   -6.65   -6.65   -6.49   -6.59   -6.59 2004    2    3
2004.094 53039.5  -10.77  -10.77  -10.77  -10.61  -10.71  -10.71 2004    2    4
2004.097 53040.5   -5.63   -5.63   -5.63   -5.46   -5.57   -5.57 2004    2    5
2004.100 53041.5   -5.82   -5.82   -5.82   -5.66   -5.79   -5.79 2004    2    6
2004.102 53042.5   -6.50   -6.50   -6.50   -6.34   -6.50   -6.50 2004    2    7
2004.105 53043.5  -13.34  -13.34  -13.34  -13.18  -13.37  -13.37 2004    2    8
2004.108 53044.5   -8.92   -8.92   -8.92   -8.76   -8.94   -8.94 2004    2    9
2004.111 53045.5   -8.14   -8.14   -8.14   -7.98   -8.19   -8.19 2004    2   10
2004.113 53046.5  -10.91  -10.91  -10.91  -10.75  -10.97  -10.97 2004    2   11
2004.116 53047.5  -10.12  -10.12  -10.12   -9.96  -10.19  -10.19 2004    2   12
2004.119 53048.5   -1.75   -1.75   -1.75   -1.59   -1.81   -1.81 2004    2   13
2004.122 53049.5   -2.82   -2.82   -2.82   -2.66   -2.89   -2.89 2004    2   14
2004.124 53050.5   -7.27   -7.27   -7.27   -7.12   -7.34   -7.34 2004    2   15
2004.127 53051.5   -4.72   -4.72   -4.72   -4.56   -4.78   -4.78 2004    2   16
2004.130 53052.5    1.07    1.07    1.07    1.22    1.01    1.01 2004    2   17
2004.133 53053.5   -0.22   -0.22   -0.22   -0.07   -0.29   -0.29 2004    2   18
2004.135 53054.5   -1.52   -1.52   -1.52   -1.36   -1.59   -1.59 2004    2   19
2004.138 53055.5  -13.15  -13.15  -13.15  -12.99  -13.22  -13.22 2004    2   20
2004.141 53056.5   -1.85   -1.85   -1.85   -1.70   -1.94   -1.94 2004    2   21
2004.143 53057.5   -7.09   -7.09   -7.09   -6.94   -7.19   -7.19 2004    2   22
2004.146 53058.5   -0.28   -0.28   -0.28   -0.13   -0.38   -0.38 2004    2   23
2004.149 53059.5   -9.35   -9.35   -9.35   -9.20   -9.44   -9.44 2004    2   24
2004.152 53060.5   -2.75   -2.75   -2.75   -2.61   -2.86   -2.86 2004    2   25
2004.154 53061.5   -5.48   -5.48   -5.48   -5.33   -5.59   -5.59 2004    2   26
2004.157 53062.5   -1.72   -1.72   -1.72   -1.58   -1.82   -1.82 2004    2   27
2004.160 53063.5   -6.42   -6.42   -6.42   -6.27   -6.50   -6.50 2004    2   28
2004.163 53064.5   -6.12   -6.12   -6.12   -5.98   -6.20   -6.20 2004    2   29
2004.165 53065.5  -10.31  -10.31  -10.31  -10.16  -10.41  -10.41 2004    3    1
2004.168 53066.5   -8.27   -8.27   -8.27   -8.13   -8.38   -8.38 2004    3    2
2004.171 53067.5   -6.03   -6.03   -6.03   -5.89   -6.15   -6.15 2004    3    3
2004.173 53068.5   -3.05   -3.05   -3.05   -2.90   -3.16   -3.16 2004    3    4
2004.176 53069.5  -13.19  -13.19  -13.19  -13.05  -13.31  -13.31 2004    3    5
2004.179 53070.5  -11.99  -11.99  -11.99  -11.85  -12.14  -12.14 2004    3    6
2004.182 53071.5  -10.51  -10.51  -10.51  -10.37  -10.66  -10.66 2004    3    7
2004.184 53072.5    5.65    5.65    5.65    5.79    5.51    5.51 2004    3    8
2004.187 53073.5    4.81    4.81    4.81    4.95    4.66    4.66 2004    3    9
2004.190 53074.5    0.17    0.17    0.17    0.31   -0.01   -0.01 2004    3   10
2004.193 53075.5   -4.52   -4.52   -4.52   -4.39   -4.71   -4.71 2004    3   11
2004.195 53076.5   -5.59   -5.59   -5.59   -5.46   -5.78   -5.78 2004    3   12
2004.198 53077.5   -5.82   -5.82   -5.82   -5.69   -6.02   -6.02 2004    3   13
2004.201 53078.5   -0.44   -0.44   -0.44   -0.31   -0.64   -0.64 2004    3   14
2004.203 53079.5   -4.62   -4.62   -4.62   -4.49   -4.84   -4.84 2004    3   15
2004.206 53080.5   -7.11   -7.11   -7.11   -6.98   -7.31   -7.31 2004    3   16
2004.209 53081.5   -8.97   -8.97   -8.97   -8.85   -9.16   -9.16 2004    3   17
2004.212 53082.5   -5.13   -5.13   -5.13   -5.00   -5.32   -5.32 2004    3   18
2004.214 53083.5   -9.02   -9.02   -9.02   -8.90   -9.24   -9.24 2004    3   19
2004.217 53084.5   -6.27   -6.27   -6.27   -6.15   -6.51   -6.51 2004    3   20
2004.220 53085.5   -8.74   -8.74   -8.74   -8.62   -9.01   -9.01 2004    3   21
2004.223 53086.5   -6.40   -6.40   -6.40   -6.28   -6.71   -6.71 2004    3   22
2004.225 53087.5   -4.18   -4.18   -4.18   -4.06   -4.48   -4.48 2004    3   23
2004.228 53088.5   -6.51   -6.51   -6.51   -6.39   -6.84   -6.84 2004    3   24
2004.231 53089.5   -3.90   -3.90   -3.90   -3.78   -4.23   -4.23 2004    3   25
2004.234 53090.5   -3.03   -3.03   -3.03   -2.91   -3.36   -3.36 2004    3   26
2004.236 53091.5   -4.32   -4.32   -4.32   -4.20   -4.65   -4.65 2004    3   27
2004.239 53092.5   -4.42   -4.42   -4.42   -4.30   -4.76   -4.76 2004    3   28
2004.242 53093.5   -6.11   -6.11   -6.11   -5.99   -6.45   -6.45 2004    3   29
2004.245 53094.5   -8.03   -8.03   -8.03   -7.92   -8.37   -8.37 2004    3   30
2004.247 53095.5   -0.54   -0.54   -0.54   -0.43   -0.88   -0.88 2004    3   31
2004.250 53096.5   -8.62   -8.62   -8.62   -8.51   -8.96   -8.96 2004    4    1
2004.253 53097.5   -1.59   -1.59   -1.59   -1.48   -1.92   -1.92 2004    4    2
2004.255 53098.5    0.45    0.45    0.45    0.56    0.13    0.13 2004    4    3
2004.258 53099.5    4.06    4.06    4.06    4.17    3.73    3.73 2004    4    4
2004.261 53100.5    1.31    1.31    1.31    1.42    1.00    1.00 2004    4    5
2004.264 53101.5   -5.70   -5.70   -5.70   -5.59   -6.02   -6.02 2004    4    6
2004.266 53102.5   -3.33   -3.33   -3.33   -3.22   -3.66   -3.66 2004    4    7
2004.269 53103.5    4.67    4.67    4.67    4.77    4.33    4.33 2004    4    8
2004.272 53104.5    4.37    4.37    4.37    4.47    4.02    4.02 2004    4    9
2004.275 53105.5    1.25    1.25    1.25    1.35    0.91    0.91 2004    4   10
2004.277 53106.5    2.77    2.77    2.77    2.87    2.43    2.43 2004    4   11
2004.280 53107.5    4.42    4.42    4.42    4.52    4.09    4.09 2004    4   12
2004.283 53108.5    4.18    4.18    4.18    4.28    3.84    3.84 2004    4   13
2004.286 53109.5    5.48    5.48    5.48    5.58    5.14    5.14 2004    4   14
2004.288 53110.5    7.13    7.13    7.13    7.23    6.79    6.79 2004    4   15
2004.291 53111.5   10.04   10.04   10.04   10.14    9.71    9.71 2004    4   16
2004.294 53112.5    8.47    8.47    8.47    8.57    8.15    8.15 2004    4   17
2004.297 53113.5    6.47    6.47    6.47    6.56    6.15    6.15 2004    4   18
2004.299 53114.5    5.98    5.98    5.98    6.07    5.66    5.66 2004    4   19
2004.302 53115.5    6.17    6.17    6.17    6.26    5.86    5.86 2004    4   20
2004.305 53116.5    5.59    5.59    5.59    5.68    5.29    5.29 2004    4   21
2004.307 53117.5    2.18    2.18    2.18    2.27    1.91    1.91 2004    4   22
2004.310 53118.5    3.07    3.07    3.07    3.16    2.82    2.82 2004    4   23
2004.313 53119.5    7.30    7.30    7.30    7.39    7.06    7.06 2004    4   24
2004.316 53120.5   -6.17   -6.17   -6.17   -6.08   -6.39   -6.39 2004    4   25
2004.318 53121.5    0.64    0.64    0.64    0.73    0.45    0.45 2004    4   26
2004.321 53122.5   12.43   12.43   12.43   12.52   12.25   12.25 2004    4   27
2004.324 53123.5    6.27    6.27    6.27    6.36    6.09    6.09 2004    4   28
2004.327 53124.5   -0.54   -0.54   -0.54   -0.46   -0.72   -0.72 2004    4   29
2004.329 53125.5    1.99    1.99    1.99    2.07    1.81    1.81 2004    4   30
2004.332 53126.5    4.52    4.52    4.52    4.60    4.37    4.37 2004    5    1
2004.335 53127.5    2.69    2.69    2.69    2.77    2.55    2.55 2004    5    2
2004.337 53128.5   -4.66   -4.66   -4.66   -4.58   -4.80   -4.80 2004    5    3
2004.340 53129.5    9.16    9.16    9.16    9.24    9.01    9.01 2004    5    4
2004.343 53130.5    0.28    0.28    0.28    0.35    0.13    0.13 2004    5    5
2004.346 53131.5   -0.12   -0.12   -0.12   -0.05   -0.26   -0.26 2004    5    6
2004.348 53132.5    6.20    6.20    6.20    6.28    6.08    6.08 2004    5    7
2004.351 53133.5   12.32   12.32   12.32   12.40   12.18   12.18 2004    5    8
2004.354 53134.5    5.44    5.44    5.44    5.52    5.31    5.31 2004    5    9
2004.357 53135.5    3.98    3.98    3.98    4.05    3.87    3.87 2004    5   10
2004.359 53136.5    5.91    5.91    5.91    5.98    5.84    5.84 2004    5   11
2004.362 53137.5    8.54    8.54    8.54    8.61    8.49    8.49 2004    5   12
2004.365 53138.5    8.15    8.15    8.15    8.22    8.13    8.13 2004    5   13
2004.367 53139.5    2.22    2.22    2.22    2.28    2.21    2.21 2004    5   14
2004.370 53140.5   -8.04   -8.04    2.50    2.57    2.50    2.50 2004    5   15
2004.373 53141.5    2.79    2.79    2.79    2.85    2.80    2.80 2004    5   16
2004.376 53142.5    6.41    6.41    6.41    6.48    6.44    6.44 2004    5   17
2004.378 53143.5   10.58   10.58   10.58   10.64   10.62   10.62 2004    5   18
2004.381 53144.5   11.74   11.74   11.74   11.80   11.81   11.81 2004    5   19
2004.384 53145.5    9.21    9.21    9.21    9.27    9.30    9.30 2004    5   20
2004.387 53146.5   10.17   10.17   10.17   10.23   10.28   10.28 2004    5   21
2004.389 53147.5    8.24    8.24    8.24    8.29    8.35    8.35 2004    5   22
2004.392 53148.5   10.77   10.77   10.77   10.82   10.91   10.91 2004    5   23
2004.395 53149.5   10.21   10.21   10.21   10.26   10.37   10.37 2004    5   24
2004.398 53150.5    4.54    4.54    4.54    4.59    4.71    4.71 2004    5   25
2004.400 53151.5    6.38    6.38    6.38    6.43    6.59    6.59 2004    5   26
2004.403 53152.5    8.97    8.97    8.97    9.02    9.21    9.21 2004    5   27
2004.406 53153.5    8.56    8.56    8.56    8.61    8.81    8.81 2004    5   28
2004.408 53154.5    5.26    5.26    5.26    5.31    5.51    5.51 2004    5   29
2004.411 53155.5    2.73    2.73    2.73    2.78    3.01    3.01 2004    5   30
2004.414 53156.5   10.15   10.15   10.15   10.19   10.45   10.45 2004    5   31
2004.417 53157.5    9.69    9.69    9.69    9.74   10.01   10.01 2004    6    1
2004.419 53158.5    7.80    7.80    7.80    7.85    8.14    8.14 2004    6    2
2004.422 53159.5    9.96    9.96    9.96   10.01   10.35   10.35 2004    6    3
2004.425 53160.5    5.78    5.78    5.78    5.82    6.20    6.20 2004    6    4
2004.428 53161.5    6.87    6.87    6.87    6.91    7.32    7.32 2004    6    5
2004.430 53162.5    4.51    4.51    4.51    4.54    4.96    4.96 2004    6    6
2004.433 53163.5    6.84    6.84    6.84    6.88    7.33    7.33 2004    6    7
2004.436 53164.5    3.68    3.68    3.68    3.72    4.19    4.19 2004    6    8
2004.438 53165.5    5.20    5.20    5.20    5.23    5.72    5.72 2004    6    9
2004.441 53166.5   -0.03   -0.03   -0.03    0.00    0.53    0.53 2004    6   10
2004.444 53167.5   -5.19   -5.19   -0.85   -0.82   -0.26   -0.26 2004    6   11
2004.447 53168.5   -1.66   -1.66   -1.66   -1.63   -1.06   -1.06 2004    6   12
2004.449 53169.5    1.86    1.86    1.86    1.90    2.49    2.49 2004    6   13
2004.452 53170.5    4.51    4.51    4.51    4.54    5.14    5.14 2004    6   14
2004.455 53171.5   12.75   12.75   12.75   12.78   13.39   13.39 2004    6   15
2004.458 53172.5    1.60    1.60    1.60    1.62    2.25    2.25 2004    6   16
2004.460 53173.5    5.88    5.88    5.88    5.90    6.55    6.55 2004    6   17
2004.463 53174.5    8.66    8.66    8.66    8.68    9.35    9.35 2004    6   18
2004.466 53175.5    8.56    8.56    8.56    8.58    9.27    9.27 2004    6   19
2004.469 53176.5    5.54    5.54    5.54    5.56    6.27    6.27 2004    6   20
2004.471 53177.5    8.68    8.68    8.68    8.70    9.44    9.44 2004    6   21
2004.474 53178.5    5.49    5.49    5.49    5.51    6.28    6.28 2004    6   22
2004.477 53179.5    6.07    6.07    6.07    6.09    6.90    6.90 2004    6   23
2004.479 53180.5    6.09    6.09    6.09    6.11    6.95    6.95 2004    6   24
2004.482 53181.5    7.72    7.72    7.72    7.74    8.62    8.62 2004    6   25
2004.485 53182.5    1.20    1.20    1.20    1.22    2.12    2.12 2004    6   26
2004.488 53183.5    9.14    9.14    9.14    9.15   10.09   10.09 2004    6   27
2004.490 53184.5   13.69   13.69   13.69   13.70   14.69   14.69 2004    6   28
2004.493 53185.5    7.58    7.58    7.58    7.59    8.63    8.63 2004    6   29
2004.496 53186.5    4.05    4.05    4.05    4.06    5.14    5.14 2004    6   30
2004.499 53187.5    7.85    7.85    7.85    7.86    8.97    8.97 2004    7    1
2004.501 53188.5   19.50   19.50   19.50   19.51   20.61    9.76 2004    7    2
2004.504 53189.5    9.47    9.47    9.47    9.48   10.56   10.56 2004    7    3
2004.507 53190.5   11.98   11.98   11.98   11.98   13.03   13.03 2004    7    4
2004.510 53191.5    7.23    7.23    7.23    7.23    8.28    8.28 2004    7    5
2004.512 53192.5    9.49    9.49    9.49    9.50   10.53   10.53 2004    7    6
2004.515 53193.5   11.93   11.93   11.93   11.93   12.93   12.93 2004    7    7
2004.518 53194.5   -0.92   -0.92   -0.92   -0.92    0.08    0.08 2004    7    8
2004.521 53195.5   11.38   11.38   11.38   11.38   12.37   12.37 2004    7    9
2004.523 53196.5   -0.80   -0.80   -0.80   -0.80    0.18    0.18 2004    7   10
2004.526 53197.5    1.54    1.54    1.54    1.54    2.50    2.50 2004    7   11
2004.529 53198.5    6.28    6.28    6.28    6.27    7.22    7.22 2004    7   12
2004.531 53199.5    5.77    5.77    5.77    5.76    6.67    6.67 2004    7   13
2004.534 53200.5   -5.04   -5.04    3.18    3.18    4.07    4.07 2004    7   14
2004.537 53201.5    0.60    0.60    0.60    0.59    1.47    1.47 2004    7   15
2004.540 53202.5    3.46    3.46    3.46    3.45    4.30    4.30 2004    7   16
2004.542 53203.5    6.96    6.96    6.96    6.95    7.77    7.77 2004    7   17
2004.545 53204.5   12.02   12.02   12.02   12.01   12.81   12.81 2004    7   18
2004.548 53205.5    8.53    8.53    8.53    8.52    9.30    9.30 2004    7   19
2004.551 53206.5   -4.00   -4.00   -4.00   -4.02   -3.22   -3.22 2004    7   20
2004.553 53207.5    1.25    1.25    1.25    1.24    2.03    2.03 2004    7   21
2004.556 53208.5    6.74    6.74    6.74    6.72    7.51    7.51 2004    7   22
2004.559 53209.5    9.72    9.72    9.72    9.70   10.50   10.50 2004    7   23
2004.562 53210.5    5.05    5.05    5.05    5.03    5.79    5.79 2004    7   24
2004.564 53211.5    5.98    5.98    5.98    5.96    6.69    6.69 2004    7   25
2004.567 53212.5    1.96    1.96    1.96    1.93    2.66    2.66 2004    7   26
2004.570 53213.5    6.92    6.92    6.92    6.90    7.61    7.61 2004    7   27
2004.572 53214.5   -6.71   -6.71    7.13    7.10    7.80    7.80 2004    7   28
2004.575 53215.5    7.34    7.34    7.34    7.31    8.00    8.00 2004    7   29
2004.578 53216.5   -7.26   -7.26    6.22    6.19    6.87    6.87 2004    7   30
2004.581 53217.5    5.10    5.10    5.10    5.07    5.75    5.75 2004    7   31
2004.583 53218.5    7.21    7.21    7.21    7.18    7.85    7.85 2004    8    1
2004.586 53219.5    5.07    5.07    5.07    5.04    5.71    5.71 2004    8    2
2004.589 53220.5    3.35    3.35    3.35    3.31    3.97    3.97 2004    8    3
2004.592 53221.5    1.69    1.69    1.69    1.66    2.31    2.31 2004    8    4
2004.594 53222.5    3.42    3.42    3.42    3.38    4.01    4.01 2004    8    5
2004.597 53223.5    9.56    9.56    9.56    9.52   10.14   10.14 2004    8    6
2004.600 53224.5   19.88   19.88   10.55   10.51   11.15   11.15 2004    8    7
2004.602 53225.5   11.54   11.54   11.54   11.50   12.15   12.15 2004    8    8
2004.605 53226.5   -2.75   -2.75   -2.75   -2.79   -2.15   -2.15 2004    8    9
2004.608 53227.5   10.94   10.94   10.94   10.90   11.55   11.55 2004    8   10
2004.611 53228.5    2.48    2.48    2.48    2.43    3.10    3.10 2004    8   11
2004.613 53229.5  -10.57  -10.57   -0.11   -0.16    0.51    0.51 2004    8   12
2004.616 53230.5   -2.70   -2.70   -2.70   -2.75   -2.07   -2.07 2004    8   13
2004.619 53231.5    5.25    5.25    5.25    5.21    5.92    5.92 2004    8   14
2004.622 53232.5   -0.22   -0.22   -0.22   -0.27    0.46    0.46 2004    8   15
2004.624 53233.5   -1.02   -1.02   -1.02   -1.07   -0.33   -0.33 2004    8   16
2004.627 53234.5   -0.73   -0.73   -0.73   -0.78   -0.01   -0.01 2004    8   17
2004.630 53235.5    1.78    1.78    1.78    1.73    2.55    2.55 2004    8   18
2004.633 53236.5    2.12    2.12    2.12    2.07    2.92    2.92 2004    8   19
2004.635 53237.5   -8.88   -8.88    2.19    2.14    3.03    3.03 2004    8   20
2004.638 53238.5    2.27    2.27    2.27    2.21    3.09    3.09 2004    8   21
2004.641 53239.5    1.59    1.59    1.59    1.53    2.41    2.41 2004    8   22
2004.643 53240.5    3.26    3.26    3.26    3.20    4.06    4.06 2004    8   23
2004.646 53241.5   -0.83   -0.83   -0.83   -0.89   -0.02   -0.02 2004    8   24
2004.649 53242.5    2.75    2.75    2.75    2.69    3.53    3.53 2004    8   25
2004.652 53243.5    0.64    0.64    0.64    0.57    1.42    1.42 2004    8   26
2004.654 53244.5   -2.77   -2.77   -2.77   -2.83   -1.99   -1.99 2004    8   27
2004.657 53245.5   -6.52   -6.52   -6.52   -6.59   -5.72   -5.72 2004    8   28
2004.660 53246.5   -0.79   -0.79   -0.79   -0.86    0.02    0.02 2004    8   29
2004.663 53247.5    7.58    7.58    7.58    7.51    8.39    8.39 2004    8   30
2004.665 53248.5    2.69    2.69    2.69    2.62    3.49    3.49 2004    8   31
2004.668 53249.5    3.55    3.55    3.55    3.47    4.37    4.37 2004    9    1
2004.671 53250.5   -2.10   -2.10   -2.10   -2.17   -1.28   -1.28 2004    9    2
2004.673 53251.5    4.42    4.42    4.42    4.34    5.24    5.24 2004    9    3
2004.676 53252.5    7.53    7.53    7.53    7.45    8.32    8.32 2004    9    4
2004.679 53253.5    2.65    2.65    2.65    2.58    3.43    3.43 2004    9    5
2004.682 53254.5   -2.90   -2.90   -2.90   -2.98   -2.15   -2.15 2004    9    6
2004.684 53255.5    3.53    3.53    3.53    3.45    4.31    4.31 2004    9    7
2004.687 53256.5   10.82   10.82   10.82   10.74   11.61   11.61 2004    9    8
2004.690 53257.5    2.16    2.16    2.16    2.08    2.96    2.96 2004    9    9
2004.693 53258.5    1.18    1.18    1.18    1.09    1.98    1.98 2004    9   10
2004.695 53259.5    2.54    2.54    2.54    2.45    3.33    3.33 2004    9   11
2004.698 53260.5    2.38    2.38    2.38    2.29    3.16    3.16 2004    9   12
2004.701 53261.5    2.64    2.64    2.64    2.55    3.43    3.43 2004    9   13
2004.703 53262.5   -6.61   -6.61   -6.61   -6.70   -5.83   -5.83 2004    9   14
2004.706 53263.5   -2.34   -2.34   -2.34   -2.43   -1.57   -1.57 2004    9   15
2004.709 53264.5    1.20    1.20    1.20    1.10    1.95    1.95 2004    9   16
2004.712 53265.5   10.72   10.72   10.72   10.63   11.46   11.46 2004    9   17
2004.714 53266.5    5.08    5.08    5.08    4.98    5.79    5.79 2004    9   18
2004.717 53267.5   11.84   11.84   11.84   11.74   12.52   12.52 2004    9   19
2004.720 53268.5   14.26   14.26   14.26   14.16   14.91    6.44 2004    9   20
2004.723 53269.5   -0.27   -0.27   -0.27   -0.37    0.36    0.36 2004    9   21
2004.725 53270.5    6.46    6.46    6.46    6.36    7.10    7.10 2004    9   22
2004.728 53271.5    1.60    1.60    1.60    1.49    2.21    2.21 2004    9   23
2004.731 53272.5   -0.07   -0.07   -0.07   -0.17    0.53    0.53 2004    9   24
2004.734 53273.5    1.46    1.46    1.46    1.35    2.04    2.04 2004    9   25
2004.736 53274.5    3.07    3.07    3.07    2.96    3.64    3.64 2004    9   26
2004.739 53275.5    1.22    1.22    1.22    1.11    1.77    1.77 2004    9   27
2004.742 53276.5   -2.10   -2.10   -2.10   -2.21   -1.56   -1.56 2004    9   28
2004.745 53277.5    2.51    2.51    2.51    2.40    3.01    3.01 2004    9   29
2004.747 53278.5   -3.23   -3.23   -3.23   -3.35   -2.75   -2.75 2004    9   30
2004.750 53279.5   -3.32   -3.32   -3.32   -3.44   -2.87   -2.87 2004   10    1
2004.753 53280.5    0.27    0.27    0.27    0.16    0.72    0.72 2004   10    2
2004.755 53281.5   -0.02   -0.02   -0.02   -0.14    0.41    0.41 2004   10    3
2004.758 53282.5   -3.08   -3.08   -3.08   -3.20   -2.66   -2.66 2004   10    4
2004.761 53283.5    1.92    1.92    1.92    1.80    2.32    2.32 2004   10    5
2004.764 53284.5    3.57    3.57    3.57    3.45    3.93    3.93 2004   10    6
2004.766 53285.5    2.97    2.97    2.97    2.85    3.30    3.30 2004   10    7
2004.769 53286.5    2.38    2.38    2.38    2.25    2.74    2.74 2004   10    8
2004.772 53287.5   -0.93   -0.93   -0.93   -1.06   -0.55   -0.55 2004   10    9
2004.775 53288.5   -3.56   -3.56   -3.56   -3.69   -3.18   -3.18 2004   10   10
2004.777 53289.5   -0.35   -0.35   -0.35   -0.48    0.04    0.04 2004   10   11
2004.780 53290.5    2.67    2.67    2.67    2.54    3.07    3.07 2004   10   12
2004.783 53291.5   -3.01   -3.01   -3.01   -3.14   -2.60   -2.60 2004   10   13
2004.786 53292.5    4.18    4.18    4.18    4.04    4.60    4.60 2004   10   14
2004.788 53293.5   -3.51   -3.51   -3.51   -3.65   -3.07   -3.07 2004   10   15
2004.791 53294.5   -3.82   -3.82   -3.82   -3.96   -3.34   -3.34 2004   10   16
2004.794 53295.5   -1.33   -1.33   -1.33   -1.46   -0.81   -0.81 2004   10   17
2004.797 53296.5   -2.03   -2.03   -2.03   -2.17   -1.48   -1.48 2004   10   18
2004.799 53297.5   -2.22   -2.22   -2.22   -2.36   -1.65   -1.65 2004   10   19
2004.802 53298.5   -4.61   -4.61   -4.61   -4.75   -4.04   -4.04 2004   10   20
2004.805 53299.5  -11.65  -11.65  -11.65  -11.80  -11.08  -11.08 2004   10   21
2004.807 53300.5   -5.52   -5.52   -5.52   -5.67   -4.95   -4.95 2004   10   22
2004.810 53301.5   -4.53   -4.53   -4.53   -4.68   -3.95   -3.95 2004   10   23
2004.813 53302.5   -5.11   -5.11   -5.11   -5.26   -4.52   -4.52 2004   10   24
2004.816 53303.5  -10.28  -10.28  -10.28  -10.43   -9.73   -9.73 2004   10   25
2004.818 53304.5   -4.73   -4.73   -4.73   -4.88   -4.22   -4.22 2004   10   26
2004.821 53305.5    0.76    0.76    0.76    0.60    1.28    1.28 2004   10   27
2004.824 53306.5   -0.87   -0.87   -0.87   -1.03   -0.36   -0.36 2004   10   28
2004.827 53307.5   -3.10   -3.10   -3.10   -3.25   -2.62   -2.62 2004   10   29
2004.829 53308.5   -7.41   -7.41   -7.41   -7.57   -6.97   -6.97 2004   10   30
2004.832 53309.5   -4.98   -4.98   -4.98   -5.14   -4.56   -4.56 2004   10   31
2004.835 53310.5    1.33    1.33    1.33    1.17    1.73    1.73 2004   11    1
2004.837 53311.5    1.58    1.58    1.58    1.42    1.94    1.94 2004   11    2
2004.840 53312.5    1.68    1.68    1.68    1.51    2.06    2.06 2004   11    3
2004.843 53313.5   -3.72   -3.72   -3.72   -3.89   -3.35   -3.35 2004   11    4
2004.846 53314.5   -4.79   -4.79   -4.79   -4.96   -4.44   -4.44 2004   11    5
2004.848 53315.5    3.48    3.48    3.48    3.31    3.84    3.84 2004   11    6
2004.851 53316.5   -1.78   -1.78   -1.78   -1.95   -1.40   -1.40 2004   11    7
2004.854 53317.5   -8.67   -8.67   -8.67   -8.84   -8.31   -8.31 2004   11    8
2004.857 53318.5  -14.80  -14.80  -14.80  -14.97  -14.45  -14.45 2004   11    9
2004.859 53319.5   -9.18   -9.18   -9.18   -9.36   -8.85   -8.85 2004   11   10
2004.862 53320.5   -5.87   -5.87   -5.87   -6.05   -5.54   -5.54 2004   11   11
2004.865 53321.5   -7.70   -7.70   -7.70   -7.88   -7.36   -7.36 2004   11   12
2004.867 53322.5   -1.66   -1.66   -1.66   -1.84   -1.35   -1.35 2004   11   13
2004.870 53323.5   -2.81   -2.81   -2.81   -2.99   -2.50   -2.50 2004   11   14
2004.873 53324.5   -8.81   -8.81   -8.81   -8.99   -8.48   -8.48 2004   11   15
2004.876 53325.5   -6.28   -6.28   -6.28   -6.46   -5.94   -5.94 2004   11   16
2004.878 53326.5   -8.92   -8.92   -8.92   -9.11   -8.57   -8.57 2004   11   17
2004.881 53327.5   -7.49   -7.49   -7.49   -7.67   -7.14   -7.14 2004   11   18
2004.884 53328.5   -5.15   -5.15   -5.15   -5.34   -4.81   -4.81 2004   11   19
2004.887 53329.5   -3.94   -3.94   -3.94   -4.13   -3.60   -3.60 2004   11   20
2004.889 53330.5   -7.80   -7.80   -7.80   -7.99   -7.44   -7.44 2004   11   21
2004.892 53331.5   -6.93   -6.93   -6.93   -7.12   -6.55   -6.55 2004   11   22
2004.895 53332.5   -6.91   -6.91   -6.91   -7.11   -6.54   -6.54 2004   11   23
2004.898 53333.5  -14.44  -14.44  -14.44  -14.64  -14.07  -14.07 2004   11   24
2004.900 53334.5   -8.62   -8.62   -8.62   -8.82   -8.25   -8.25 2004   11   25
2004.903 53335.5   -2.98   -2.98   -2.98   -3.18   -2.59   -2.59 2004   11   26
2004.906 53336.5   -1.22   -1.22   -1.22   -1.43   -0.83   -0.83 2004   11   27
2004.908 53337.5   -9.70   -9.70   -9.70   -9.91   -9.29   -9.29 2004   11   28
2004.911 53338.5   -7.47   -7.47   -7.47   -7.67   -7.08   -7.08 2004   11   29
2004.914 53339.5   -5.83   -5.83   -5.83   -6.03   -5.45   -5.45 2004   11   30
2004.917 53340.5  -10.67  -10.67  -10.67  -10.88  -10.30  -10.30 2004   12    1
2004.919 53341.5  -16.65  -16.65  -16.65  -16.86  -16.28  -16.28 2004   12    2
2004.922 53342.5  -12.21  -12.21  -12.21  -12.43  -11.84  -11.84 2004   12    3
2004.925 53343.5  -10.17  -10.17  -10.17  -10.38   -9.80   -9.80 2004   12    4
2004.928 53344.5   -3.57   -3.57   -3.57   -3.79   -3.19   -3.19 2004   12    5
2004.930 53345.5  -10.69  -10.69  -10.69  -10.90  -10.31  -10.31 2004   12    6
2004.933 53346.5   -7.57   -7.57   -7.57   -7.79   -7.20   -7.20 2004   12    7
2004.936 53347.5   -5.42   -5.42   -5.42   -5.64   -5.06   -5.06 2004   12    8
2004.938 53348.5  -13.56  -13.56  -13.56  -13.78  -13.22  -13.22 2004   12    9
2004.941 53349.5   -9.67   -9.67   -9.67   -9.89   -9.37   -9.37 2004   12   10
2004.944 53350.5   -4.96   -4.96   -4.96   -5.18   -4.71   -4.71 2004   12   11
2004.947 53351.5   -9.27   -9.27   -9.27   -9.50   -9.05   -9.05 2004   12   12
2004.949 53352.5   -2.75   -2.75   -2.75   -2.97   -2.54   -2.54 2004   12   13
2004.952 53353.5   -1.50   -1.50   -1.50   -1.73   -1.31   -1.31 2004   12   14
2004.955 53354.5   -6.45   -6.45   -6.45   -6.68   -6.26   -6.26 2004   12   15
2004.958 53355.5   -5.43   -5.43   -5.43   -5.67   -5.29   -5.29 2004   12   16
2004.960 53356.5   -8.26   -8.26   -8.26   -8.49   -8.15   -8.15 2004   12   17
2004.963 53357.5   -5.84   -5.84   -5.84   -6.08   -5.76   -5.76 2004   12   18
2004.966 53358.5   -9.03   -9.03   -9.03   -9.27   -8.99   -8.99 2004   12   19
2004.969 53359.5  -10.23  -10.23  -10.23  -10.47  -10.23  -10.23 2004   12   20
2004.971 53360.5  -11.42  -11.42  -11.42  -11.66  -11.45  -11.45 2004   12   21
2004.974 53361.5  -11.82  -11.82  -11.82  -12.06  -11.86  -11.86 2004   12   22
2004.977 53362.5  -11.72  -11.72  -11.72  -11.97  -11.80  -11.80 2004   12   23
2004.979 53363.5  -11.52  -11.52  -11.52  -11.76  -11.62  -11.62 2004   12   24
2004.982 53364.5  -10.87  -10.87  -10.87  -11.12  -10.98  -10.98 2004   12   25
2004.985 53365.5  -13.11  -13.11  -13.11  -13.36  -13.23  -13.23 2004   12   26
2004.988 53366.5  -16.92  -16.92  -16.92  -17.17  -17.05  -17.05 2004   12   27
2004.990 53367.5  -16.63  -16.63  -16.63  -16.88  -16.75  -16.75 2004   12   28
2004.993 53368.5  -13.62  -13.62  -13.62  -13.88  -13.74  -13.74 2004   12   29
2004.996 53369.5  -12.99  -12.99  -12.99  -13.24  -13.14  -13.14 2004   12   30
2004.999 53370.5   -6.08   -6.08   -6.08   -6.33   -6.23   -6.23 2004   12   31
2005.001 53371.5   -2.70   -2.70   -2.70   -2.96   -2.84   -2.84 2005    1    1
2005.004 53372.5   -1.15   -1.15   -1.15   -1.41   -1.31   -1.31 2005    1    2
2005.007 53373.5  -11.21  -11.21  -11.21  -11.47  -11.38  -11.38 2005    1    3
2005.010 53374.5   -7.30   -7.30   -7.30   -7.56   -7.51   -7.51 2005    1    4
2005.012 53375.5   -3.72   -3.72   -3.72   -3.99   -3.93   -3.93 2005    1    5
2005.015 53376.5  -11.64  -11.64  -11.64  -11.90  -11.85  -11.85 2005    1    6
2005.018 53377.5   -9.03   -9.03   -9.03   -9.30   -9.29   -9.29 2005    1    7
2005.021 53378.5   -8.76   -8.76   -8.76   -9.03   -9.01   -9.01 2005    1    8
2005.023 53379.5   -4.67   -4.67   -4.67   -4.94   -4.98   -4.98 2005    1    9
2005.026 53380.5   -4.51   -4.51   -4.51   -4.79   -4.86   -4.86 2005    1   10
2005.029 53381.5   -3.34   -3.34   -3.34   -3.62   -3.69   -3.69 2005    1   11
2005.031 53382.5   -2.94   -2.94   -2.94   -3.22   -3.30   -3.30 2005    1   12
2005.034 53383.5   -7.01   -7.01   -7.01   -7.29   -7.38   -7.38 2005    1   13
2005.037 53384.5   -2.22   -2.22   -2.22   -2.50   -2.61   -2.61 2005    1   14
2005.040 53385.5   -2.41   -2.41   -2.41   -2.70   -2.80   -2.80 2005    1   15
2005.042 53386.5   -2.02   -2.02   -2.02   -2.31   -2.41   -2.41 2005    1   16
2005.045 53387.5   -7.20   -7.20   -7.20   -7.49   -7.58   -7.58 2005    1   17
2005.048 53388.5  -11.91  -11.91  -11.91  -12.19  -12.30  -12.30 2005    1   18
2005.051 53389.5   -8.65   -8.65   -8.65   -8.94   -9.10   -9.10 2005    1   19
2005.053 53390.5  -12.77  -12.77  -12.77  -13.06  -13.23  -13.23 2005    1   20
2005.056 53391.5  -10.81  -10.81  -10.81  -11.10  -11.27  -11.27 2005    1   21
2005.059 53392.5   -6.41   -6.41   -6.41   -6.70   -6.86   -6.86 2005    1   22
2005.062 53393.5   -1.82   -1.82   -1.82   -2.12   -2.28   -2.28 2005    1   23
2005.064 53394.5   -7.49   -7.49   -7.49   -7.79   -7.97   -7.97 2005    1   24
2005.067 53395.5   -5.83   -5.83   -5.83   -6.13   -6.32   -6.32 2005    1   25
2005.070 53396.5   -2.43   -2.43   -2.43   -2.73   -2.93   -2.93 2005    1   26
2005.073 53397.5   -3.11   -3.11   -3.11   -3.42   -3.63   -3.63 2005    1   27
2005.075 53398.5   -2.54   -2.54   -2.54   -2.84   -3.06   -3.06 2005    1   28
2005.078 53399.5   -4.59   -4.59   -4.59   -4.90   -5.12   -5.12 2005    1   29
2005.081 53400.5   -4.03   -4.03   -4.03   -4.34   -4.55   -4.55 2005    1   30
2005.084 53401.5   -6.77   -6.77   -6.77   -7.08   -7.29   -7.29 2005    1   31
2005.086 53402.5   -3.62   -3.62   -3.62   -3.93   -4.18   -4.18 2005    2    1
2005.089 53403.5   -4.29   -4.29   -4.29   -4.60   -4.86   -4.86 2005    2    2
2005.092 53404.5   -2.54   -2.54   -2.54   -2.85   -3.13   -3.13 2005    2    3
2005.094 53405.5   -3.63   -3.63   -3.63   -3.95   -4.26   -4.26 2005    2    4
2005.097 53406.5  -10.84  -10.84  -10.84  -11.16  -11.47  -11.47 2005    2    5
2005.100 53407.5   -7.87   -7.87   -7.87   -8.19   -8.50   -8.50 2005    2    6
2005.103 53408.5  -13.20  -13.20  -13.20  -13.52  -13.81  -13.81 2005    2    7
2005.105 53409.5   -8.65   -8.65   -8.65   -8.97   -9.30   -9.30 2005    2    8
2005.108 53410.5  -15.50  -15.50  -15.50  -15.82  -16.14  -16.14 2005    2    9
2005.111 53411.5  -10.22  -10.22  -10.22  -10.55  -10.91  -10.91 2005    2   10
2005.114 53412.5  -13.62  -13.62  -13.62  -13.95  -14.30  -14.30 2005    2   11
2005.116 53413.5  -13.52  -13.52  -13.52  -13.85  -14.24  -14.24 2005    2   12
2005.119 53414.5   -9.91   -9.91   -9.91  -10.24  -10.62  -10.62 2005    2   13
2005.122 53415.5   -9.03   -9.03   -9.03   -9.37   -9.73   -9.73 2005    2   14
2005.125 53416.5  -16.84  -16.84  -16.84  -17.18  -17.54  -17.54 2005    2   15
2005.127 53417.5  -15.06  -15.06  -15.06  -15.39  -15.75  -15.75 2005    2   16
2005.130 53418.5  -12.92  -12.92  -12.92  -13.26  -13.63  -13.63 2005    2   17
2005.133 53419.5  -13.51  -13.51  -13.51  -13.85  -14.24  -14.24 2005    2   18
2005.136 53420.5   -8.44   -8.44   -8.44   -8.79   -9.19   -9.19 2005    2   19
2005.138 53421.5   -3.26   -3.26   -3.26   -3.61   -4.01   -4.01 2005    2   20
2005.141 53422.5    2.33    2.33    2.33    1.99    1.57    1.57 2005    2   21
2005.144 53423.5   -1.63   -1.63   -1.63   -1.98   -2.39   -2.39 2005    2   22
2005.147 53424.5   -2.71   -2.71   -2.71   -3.06   -3.49   -3.49 2005    2   23
2005.149 53425.5   -0.46   -0.46   -0.46   -0.81   -1.26   -1.26 2005    2   24
2005.152 53426.5   -5.44   -5.44   -5.44   -5.80   -6.25   -6.25 2005    2   25
2005.155 53427.5  -11.11  -11.11  -11.11  -11.46  -11.94  -11.94 2005    2   26
2005.158 53428.5   -7.12   -7.12   -7.12   -7.48   -8.01   -8.01 2005    2   27
2005.160 53429.5   -7.22   -7.22   -7.22   -7.58   -8.13   -8.13 2005    2   28
2005.163 53430.5  -10.07  -10.07  -10.07  -10.44  -10.98  -10.98 2005    3    1
2005.166 53431.5  -12.70  -12.70  -12.70  -13.07  -13.60  -13.60 2005    3    2
2005.168 53432.5   -4.24   -4.24   -4.24   -4.61   -5.15   -5.15 2005    3    3
2005.171 53433.5   -5.94   -5.94   -5.94   -6.31   -6.87   -6.87 2005    3    4
2005.174 53434.5   -3.41   -3.41   -3.41   -3.78   -4.34   -4.34 2005    3    5
2005.177 53435.5   -2.54   -2.54   -2.54   -2.91   -3.43   -3.43 2005    3    6
2005.179 53436.5   -2.43   -2.43   -2.43   -2.80   -3.33   -3.33 2005    3    7
2005.182 53437.5   -4.67   -4.67   -4.67   -5.04   -5.59   -5.59 2005    3    8
2005.185 53438.5    1.38    1.38    1.38    1.00    0.45    0.45 2005    3    9
2005.188 53439.5   -3.59   -3.59   -3.59   -3.96   -4.51   -4.51 2005    3   10
2005.190 53440.5   -5.90   -5.90   -5.90   -6.28   -6.85   -6.85 2005    3   11
2005.193 53441.5   -1.66   -1.66   -1.66   -2.04   -2.61   -2.61 2005    3   12
2005.196 53442.5   -3.30   -3.30   -3.30   -3.68   -4.27   -4.27 2005    3   13
2005.199 53443.5   -1.90   -1.90   -1.90   -2.29   -2.88   -2.88 2005    3   14
2005.201 53444.5    0.34    0.34    0.34   -0.05   -0.62   -0.62 2005    3   15
2005.204 53445.5   -7.50   -7.50   -7.50   -7.89   -8.50   -8.50 2005    3   16
2005.207 53446.5   -0.99   -0.99   -0.99   -1.38   -2.00   -2.00 2005    3   17
2005.210 53447.5    0.27    0.27    0.27   -0.12   -0.77   -0.77 2005    3   18
2005.212 53448.5    1.60    1.60    1.60    1.20    0.58    0.58 2005    3   19
2005.215 53449.5    2.47    2.47    2.47    2.07    1.45    1.45 2005    3   20
2005.218 53450.5    6.20    6.20    6.20    5.81    5.20    5.20 2005    3   21
2005.221 53451.5   -0.02   -0.02   -0.02   -0.42   -0.99   -0.99 2005    3   22
2005.223 53452.5   -6.36   -6.36   -6.36   -6.76   -7.34   -7.34 2005    3   23
2005.226 53453.5    1.08    1.08    1.08    0.68    0.10    0.10 2005    3   24
2005.229 53454.5    1.18    1.18    1.18    0.78    0.19    0.19 2005    3   25
2005.232 53455.5    2.46    2.46    2.46    2.05    1.46    1.46 2005    3   26
2005.234 53456.5    1.68    1.68    1.68    1.27    0.68    0.68 2005    3   27
2005.237 53457.5    0.22    0.22    0.22   -0.19   -0.79   -0.79 2005    3   28
2005.240 53458.5    1.57    1.57    1.57    1.15    0.55    0.55 2005    3   29
2005.242 53459.5    5.26    5.26    5.26    4.85    4.22    4.22 2005    3   30
2005.245 53460.5    3.11    3.11    3.11    2.69    2.07    2.07 2005    3   31
2005.248 53461.5    3.45    3.45    3.45    3.03    2.41    2.41 2005    4    1
2005.251 53462.5   -0.46   -0.46   -0.46   -0.88   -1.52   -1.52 2005    4    2
2005.253 53463.5    7.28    7.28    7.28    6.85    6.20    6.20 2005    4    3
2005.256 53464.5    6.79    6.79    6.79    6.36    5.70    5.70 2005    4    4
2005.259 53465.5   10.06   10.06   10.06    9.64    8.96    8.96 2005    4    5
2005.262 53466.5    8.86    8.86    8.86    8.43    7.73    7.73 2005    4    6
2005.264 53467.5    7.49    7.49    7.49    7.06    6.37    6.37 2005    4    7
2005.267 53468.5   -6.77   -6.77   -6.77   -7.20   -7.89   -7.89 2005    4    8
2005.270 53469.5   -2.28   -2.28   -2.28   -2.71   -3.39   -3.39 2005    4    9
2005.273 53470.5    1.28    1.28    1.28    0.84    0.15    0.15 2005    4   10
2005.275 53471.5    1.21    1.21    1.21    0.77    0.04    0.04 2005    4   11
2005.278 53472.5   -1.40   -1.40   -1.40   -1.84   -2.57   -2.57 2005    4   12
2005.281 53473.5    3.18    3.18    3.18    2.74    2.01    2.01 2005    4   13
2005.284 53474.5   -1.11   -1.11   -1.11   -1.55   -2.29   -2.29 2005    4   14
2005.286 53475.5    0.10    0.10    0.10   -0.34   -1.08   -1.08 2005    4   15
2005.289 53476.5   -4.45   -4.45   -4.45   -4.90   -5.66   -5.66 2005    4   16
2005.292 53477.5   -5.32   -5.32   -5.32   -5.77   -6.57   -6.57 2005    4   17
2005.295 53478.5   -5.52   -5.52   -5.52   -5.97   -6.76   -6.76 2005    4   18
2005.297 53479.5   -0.77   -0.77   -0.77   -1.22   -2.01   -2.01 2005    4   19
2005.300 53480.5    6.24    6.24    6.24    5.78    4.99    4.99 2005    4   20
2005.303 53481.5    2.68    2.68    2.68    2.22    1.43    1.43 2005    4   21
2005.305 53482.5    3.36    3.36    3.36    2.90    2.10    2.10 2005    4   22
2005.308 53483.5    1.09    1.09    1.09    0.62   -0.20   -0.20 2005    4   23
2005.311 53484.5    3.41    3.41    3.41    2.95    2.12    2.12 2005    4   24
2005.314 53485.5    9.13    9.13    9.13    8.67    7.82    7.82 2005    4   25
2005.316 53486.5   13.14   13.14   13.14   12.67   11.80   11.80 2005    4   26
2005.319 53487.5    9.92    9.92    9.92    9.45    8.55    8.55 2005    4   27
2005.322 53488.5   11.29   11.29   11.29   10.81    9.91    9.91 2005    4   28
2005.325 53489.5   12.26   12.26   12.26   11.79   10.88   10.88 2005    4   29
2005.327 53490.5   13.68   13.68   13.68   13.20   12.28   12.28 2005    4   30
2005.330 53491.5   13.13   13.13   13.13   12.65   11.71   11.71 2005    5    1
2005.333 53492.5    6.90    6.90    6.90    6.42    5.45    5.45 2005    5    2
2005.336 53493.5   12.48   12.48   12.48   12.00   11.03   11.03 2005    5    3
2005.338 53494.5   -0.12   -0.12   -0.12   -0.61   -1.59   -1.59 2005    5    4
2005.341 53495.5    4.31    4.31    4.31    3.83    2.85    2.85 2005    5    5
2005.344 53496.5    7.07    7.07    7.07    6.59    5.60    5.60 2005    5    6
2005.347 53497.5    3.80    3.80    3.80    3.31    2.30    2.30 2005    5    7
2005.349 53498.5    7.04    7.04    7.04    6.55    5.52    5.52 2005    5    8
2005.352 53499.5   10.28   10.28   10.28    9.78    8.73    8.73 2005    5    9
2005.355 53500.5    8.81    8.81    8.81    8.32    7.22    7.22 2005    5   10
2005.358 53501.5   11.57   11.57   11.57   11.07    9.91    9.91 2005    5   11
2005.360 53502.5    7.68    7.68    7.68    7.19    5.99    5.99 2005    5   12
2005.363 53503.5    7.38    7.38    7.38    6.88    5.67    5.67 2005    5   13
2005.366 53504.5   10.27   10.27   10.27    9.77    8.54    8.54 2005    5   14
2005.369 53505.5    4.75    4.75    4.75    4.24    3.00    3.00 2005    5   15
2005.371 53506.5   -3.86   -3.86   -3.86   -4.37   -5.62   -5.62 2005    5   16
2005.374 53507.5    3.53    3.53    3.53    3.02    1.76    1.76 2005    5   17
2005.377 53508.5    4.78    4.78    4.78    4.27    2.99    2.99 2005    5   18
2005.379 53509.5   13.77   13.77   13.77   13.25   11.97   11.97 2005    5   19
2005.382 53510.5    9.30    9.30    9.30    8.78    7.50    7.50 2005    5   20
2005.385 53511.5   10.84   10.84   10.84   10.32    9.05    9.05 2005    5   21
2005.388 53512.5    2.15    2.15    2.15    1.63    0.36    0.36 2005    5   22
2005.390 53513.5    6.58    6.58    6.58    6.06    4.78    4.78 2005    5   23
2005.393 53514.5    6.97    6.97    6.97    6.45    5.14    5.14 2005    5   24
2005.396 53515.5    6.48    6.48    6.48    5.96    4.63    4.63 2005    5   25
2005.399 53516.5    6.76    6.76    6.76    6.23    4.86    4.86 2005    5   26
2005.401 53517.5    2.28    2.28    2.28    1.75    0.36    0.36 2005    5   27
2005.404 53518.5    8.09    8.09    8.09    7.56    6.17    6.17 2005    5   28
2005.407 53519.5   -1.38   -1.38   -1.38   -1.92   -3.31   -3.31 2005    5   29
2005.410 53520.5   10.25   10.25   10.25    9.71    8.30    8.30 2005    5   30
2005.412 53521.5   14.84   14.84   14.84   14.30   12.87   12.87 2005    5   31
2005.415 53522.5   11.03   11.03   11.03   10.49    9.03    9.03 2005    6    1
2005.418 53523.5    6.84    6.84    6.84    6.30    4.83    4.83 2005    6    2
2005.421 53524.5    9.87    9.87    9.87    9.32    7.82    7.82 2005    6    3
2005.423 53525.5    6.84    6.84    6.84    6.29    4.78    4.78 2005    6    4
2005.426 53526.5    1.88    1.88    1.88    1.33   -0.17   -0.17 2005    6    5
2005.429 53527.5    9.99    9.99    9.99    9.44    7.96    7.96 2005    6    6
2005.432 53528.5    8.68    8.68    8.68    8.13    6.64    6.64 2005    6    7
2005.434 53529.5    6.97    6.97    6.97    6.41    4.93    4.93 2005    6    8
2005.437 53530.5   12.73   12.73   12.73   12.18   10.69   10.69 2005    6    9
2005.440 53531.5   22.81   22.81   14.95   14.39   12.90   12.90 2005    6   10
2005.443 53532.5   17.17   17.17   17.17   16.61   15.12   15.12 2005    6   11
2005.445 53533.5    7.47    7.47    7.47    6.91    5.42    5.42 2005    6   12
2005.448 53534.5    5.99    5.99    5.99    5.43    3.93    3.93 2005    6   13
2005.451 53535.5   10.98   10.98   10.98   10.41    8.92    8.92 2005    6   14
2005.453 53536.5   14.23   14.23   14.23   13.66   12.19   12.19 2005    6   15
2005.456 53537.5   17.48   17.48   17.48   16.91   15.45   15.45 2005    6   16
2005.459 53538.5   20.63   20.63   20.63   20.06   18.61   18.61 2005    6   17
2005.462 53539.5   17.92   17.92   17.92   17.34   15.90   15.90 2005    6   18
2005.464 53540.5   21.78   21.78   21.78   21.20   19.76   19.76 2005    6   19
2005.467 53541.5   21.44   21.44   21.44   20.87   19.41   19.41 2005    6   20
2005.470 53542.5   17.15   17.15   17.15   16.57   15.11   15.11 2005    6   21
2005.473 53543.5   12.86   12.86   12.86   12.28   10.78   10.78 2005    6   22
2005.475 53544.5   19.18   19.18   19.18   18.59   17.06   17.06 2005    6   23
2005.478 53545.5   15.07   15.07   15.07   14.49   12.93   12.93 2005    6   24
2005.481 53546.5    8.90    8.90    8.90    8.31    6.72    6.72 2005    6   25
2005.484 53547.5    4.03    4.03    4.03    3.44    1.82    1.82 2005    6   26
2005.486 53548.5   14.89   14.89   14.89   14.30   12.66   12.66 2005    6   27
2005.489 53549.5   10.54   10.54   10.54    9.95    8.27    8.27 2005    6   28
2005.492 53550.5    7.53    7.53    7.53    6.93    5.22    5.22 2005    6   29
2005.495 53551.5   14.96   14.96   14.96   14.36   12.63   12.63 2005    6   30
2005.497 53552.5    9.88    9.88    9.88    9.28    7.54    7.54 2005    7    1
2005.500 53553.5   13.28   13.28   13.28   12.67   10.94   10.94 2005    7    2
2005.503 53554.5   19.17   19.17   19.17   18.56   16.84   16.84 2005    7    3
2005.505 53555.5   13.50   13.50   13.50   12.89   11.19   11.19 2005    7    4
2005.508 53556.5   21.21   21.21   21.21   20.60   18.88   18.88 2005    7    5
2005.511 53557.5   10.31   10.31   10.31    9.69    7.97    7.97 2005    7    6
2005.514 53558.5   13.16   13.16   13.16   12.54   10.83   10.83 2005    7    7
2005.516 53559.5   15.86   15.86   15.86   15.24   13.50   13.50 2005    7    8
2005.519 53560.5    8.83    8.83    8.83    8.21    6.47    6.47 2005    7    9
2005.522 53561.5   21.04   21.04   21.04   20.42   18.66   18.66 2005    7   10
2005.525 53562.5   15.28   15.28   15.28   14.66   12.90   12.90 2005    7   11
2005.527 53563.5    7.32    7.32    7.32    6.70    4.94    4.94 2005    7   12
2005.530 53564.5    9.67    9.67    9.67    9.04    7.30    7.30 2005    7   13
2005.533 53565.5    5.70    5.70    5.70    5.07    3.34    3.34 2005    7   14
2005.536 53566.5    4.69    4.69    4.69    4.06    2.31    2.31 2005    7   15
2005.538 53567.5    3.23    3.23    3.23    2.60    0.84    0.84 2005    7   16
2005.541 53568.5    9.67    9.67    9.67    9.04    7.27    7.27 2005    7   17
2005.544 53569.5    9.40    9.40    9.40    8.76    7.01    7.01 2005    7   18
2005.547 53570.5   14.09   14.09   14.09   13.45   11.69   11.69 2005    7   19
2005.549 53571.5   25.28   25.28   11.54   10.90    9.13    9.13 2005    7   20
2005.552 53572.5   23.52   23.52    8.99    8.35    6.56    6.56 2005    7   21
2005.555 53573.5    6.45    6.45    6.45    5.80    4.00    4.00 2005    7   22
2005.557 53574.5  -13.80  -13.80    6.59    5.94    4.11    4.11 2005    7   23
2005.560 53575.5    6.74    6.74    6.74    6.09    4.25    4.25 2005    7   24
2005.563 53576.5   12.82   12.82   12.82   12.17   10.34   10.34 2005    7   25
2005.566 53577.5    6.08    6.08    6.08    5.43    3.59    3.59 2005    7   26
2005.568 53578.5   10.89   10.89   10.89   10.23    8.39    8.39 2005    7   27
2005.571 53579.5   13.18   13.18   13.18   12.52   10.67   10.67 2005    7   28
2005.574 53580.5    9.08    9.08    9.08    8.42    6.56    6.56 2005    7   29
2005.577 53581.5    9.82    9.82    9.82    9.15    7.29    7.29 2005    7   30
2005.579 53582.5    1.51    1.51    1.51    0.85   -1.02   -1.02 2005    7   31
2005.582 53583.5    9.81    9.81    9.81    9.14    7.28    7.28 2005    8    1
2005.585 53584.5   18.18   18.18   18.18   17.51   15.65   15.65 2005    8    2
2005.588 53585.5    7.97    7.97    7.97    7.29    5.44    5.44 2005    8    3
2005.590 53586.5   -6.40   -6.40   10.27    9.60    7.77    7.77 2005    8    4
2005.593 53587.5   12.57   12.57   12.57   11.90   10.11   10.11 2005    8    5
2005.596 53588.5   11.83   11.83   11.83   11.15    9.36    9.36 2005    8    6
2005.599 53589.5   11.08   11.08   11.08   10.40    8.58    8.58 2005    8    7
2005.601 53590.5    3.88    3.88    3.88    3.19    1.36    1.36 2005    8    8
2005.604 53591.5   12.81   12.81   12.81   12.12   10.28   10.28 2005    8    9
2005.607 53592.5    8.40    8.40    8.40    7.72    5.88    5.88 2005    8   10
2005.610 53593.5   16.39   16.39   16.39   15.70   13.83   13.83 2005    8   11
2005.612 53594.5   -1.14   -1.14   -1.14   -1.84   -3.73   -3.73 2005    8   12
2005.615 53595.5    8.82    8.82    8.82    8.13    6.20    6.20 2005    8   13
2005.618 53596.5    4.53    4.53    4.53    3.84    1.87    1.87 2005    8   14
2005.621 53597.5   -6.47   -6.47   -6.47   -7.16   -9.16   -1.48 2005    8   15
2005.623 53598.5   -8.32   -8.32   -2.11   -2.81   -4.84   -4.84 2005    8   16
2005.626 53599.5    2.25    2.25    2.25    1.54   -0.54   -0.54 2005    8   17
2005.629 53600.5    5.75    5.75    5.75    5.05    2.95    2.95 2005    8   18
2005.631 53601.5    7.59    7.59    7.59    6.88    4.76    4.76 2005    8   19
2005.634 53602.5    8.40    8.40    8.40    7.69    5.54    5.54 2005    8   20
2005.637 53603.5    3.41    3.41    3.41    2.70    0.53    0.53 2005    8   21
2005.640 53604.5    7.44    7.44    7.44    6.73    4.54    4.54 2005    8   22
2005.642 53605.5    2.50    2.50    2.50    1.78   -0.39   -0.39 2005    8   23
2005.645 53606.5    7.34    7.34    7.34    6.62    4.44    4.44 2005    8   24
2005.648 53607.5    9.78    9.78    9.78    9.06    6.89    6.89 2005    8   25
2005.651 53608.5    0.82    0.82    0.82    0.10   -2.07   -2.07 2005    8   26
2005.653 53609.5   10.00   10.00   10.00    9.28    7.11    7.11 2005    8   27
2005.656 53610.5   11.53   11.53   11.53   10.80    8.61    8.61 2005    8   28
2005.659 53611.5    7.43    7.43    7.43    6.70    4.51    4.51 2005    8   29
2005.662 53612.5    5.84    5.84    5.84    5.11    2.92    2.92 2005    8   30
2005.664 53613.5    1.25    1.25    1.25    0.52   -1.70   -1.70 2005    8   31
2005.667 53614.5    7.86    7.86    7.86    7.12    4.87    4.87 2005    9    1
2005.670 53615.5    2.50    2.50    2.50    1.77   -0.51   -0.51 2005    9    2
2005.673 53616.5    3.38    3.38    3.38    2.64    0.35    0.35 2005    9    3
2005.675 53617.5   -0.65   -0.65   -0.65   -1.40   -3.70   -3.70 2005    9    4
2005.678 53618.5    2.85    2.85    2.85    2.11   -0.20   -0.20 2005    9    5
2005.681 53619.5    5.29    5.29    5.29    4.55    2.23    2.23 2005    9    6
2005.684 53620.5    6.66    6.66    6.66    5.91    3.60    3.60 2005    9    7
2005.686 53621.5    6.81    6.81    6.81    6.06    3.76    3.76 2005    9    8
2005.689 53622.5   10.85   10.85   10.85   10.09    7.80    7.80 2005    9    9
2005.692 53623.5    6.09    6.09    6.09    5.33    3.03    3.03 2005    9   10
2005.695 53624.5    7.69    7.69    7.69    6.93    4.62    4.62 2005    9   11
2005.697 53625.5    3.78    3.78    3.78    3.02    0.69    0.69 2005    9   12
2005.700 53626.5   -0.36   -0.36   -0.36   -1.12   -3.46   -3.46 2005    9   13
2005.703 53627.5    7.91    7.91    7.91    7.15    4.78    4.78 2005    9   14
2005.705 53628.5   -0.19   -0.19   -0.19   -0.96   -3.38   -3.38 2005    9   15
2005.708 53629.5   10.95   10.95   10.95   10.18    7.73    7.73 2005    9   16
2005.711 53630.5    2.97    2.97    2.97    2.19   -0.26   -0.26 2005    9   17
2005.714 53631.5    6.61    6.61    6.61    5.84    3.38    3.38 2005    9   18
2005.716 53632.5    5.06    5.06    5.06    4.28    1.82    1.82 2005    9   19
2005.719 53633.5   -0.10   -0.10   -0.10   -0.88   -3.33   -3.33 2005    9   20
2005.722 53634.5    5.16    5.16    5.16    4.37    1.90    1.90 2005    9   21
2005.725 53635.5    7.42    7.42    7.42    6.63    4.13    4.13 2005    9   22
2005.727 53636.5    4.70    4.70    4.70    3.91    1.39    1.39 2005    9   23
2005.730 53637.5    3.25    3.25    3.25    2.46   -0.07   -0.07 2005    9   24
2005.733 53638.5    1.10    1.10    1.10    0.31   -2.24   -2.24 2005    9   25
2005.736 53639.5    6.18    6.18    6.18    5.39    2.84    2.84 2005    9   26
2005.738 53640.5    6.57    6.57    6.57    5.78    3.22    3.22 2005    9   27
2005.741 53641.5    4.86    4.86    4.86    4.06    1.49    1.49 2005    9   28
2005.744 53642.5    0.75    0.75    0.75   -0.05   -2.64   -2.64 2005    9   29
2005.747 53643.5   -0.52   -0.52   -0.52   -1.32   -3.92   -3.92 2005    9   30
2005.749 53644.5    4.26    4.26    4.26    3.46    0.87    0.87 2005   10    1
2005.752 53645.5    3.38    3.38    3.38    2.58   -0.05   -0.05 2005   10    2
2005.755 53646.5    4.98    4.98    4.98    4.17    1.54    1.54 2005   10    3
2005.758 53647.5    5.28    5.28    5.28    4.47    1.84    1.84 2005   10    4
2005.760 53648.5    8.41    8.41    8.41    7.60    4.98    4.98 2005   10    5
2005.763 53649.5   -0.03   -0.03   -0.03   -0.85   -3.46   -3.46 2005   10    6
2005.766 53650.5    3.28    3.28    3.28    2.46   -0.15   -0.15 2005   10    7
2005.768 53651.5    2.89    2.89    2.89    2.07   -0.59   -0.59 2005   10    8
2005.771 53652.5    3.67    3.67    3.67    2.85    0.17    0.17 2005   10    9
2005.774 53653.5    9.23    9.23    9.23    8.40    5.70    5.70 2005   10   10
2005.777 53654.5    1.04    1.04    1.04    0.22   -2.49   -2.49 2005   10   11
2005.779 53655.5    3.31    3.31    3.31    2.47   -0.24   -0.24 2005   10   12
2005.782 53656.5    2.39    2.39    2.39    1.56   -1.14   -1.14 2005   10   13
2005.785 53657.5    3.20    3.20    3.20    2.37   -0.32   -0.32 2005   10   14
2005.788 53658.5    6.32    6.32    6.32    5.48    2.77    2.77 2005   10   15
2005.790 53659.5    8.44    8.44    8.44    7.60    4.86    4.86 2005   10   16
2005.793 53660.5   -2.27   -2.27   -2.27   -3.11   -5.88   -5.88 2005   10   17
2005.796 53661.5   -0.13   -0.13   -0.13   -0.98   -3.75   -3.75 2005   10   18
2005.799 53662.5   -0.71   -0.71   -0.71   -1.56   -4.34   -4.34 2005   10   19
2005.801 53663.5   -6.38   -6.38   -6.38   -7.23  -10.02  -10.02 2005   10   20
2005.804 53664.5   -5.21   -5.21   -5.21   -6.07   -8.89   -8.89 2005   10   21
2005.807 53665.5    3.44    3.44    3.44    2.58   -0.25   -0.25 2005   10   22
2005.810 53666.5   -4.16   -4.16   -4.16   -5.02   -7.87   -7.87 2005   10   23
2005.812 53667.5    3.51    3.51    3.51    2.65   -0.22   -0.22 2005   10   24
2005.815 53668.5    1.08    1.08    1.08    0.22   -2.64   -2.64 2005   10   25
2005.818 53669.5    2.88    2.88    2.88    2.02   -0.82   -0.82 2005   10   26
2005.821 53670.5    3.08    3.08    3.08    2.21   -0.60   -0.60 2005   10   27
2005.823 53671.5    3.54    3.54    3.54    2.67   -0.13   -0.13 2005   10   28
2005.826 53672.5    0.80    0.80    0.80   -0.07   -2.88   -2.88 2005   10   29
2005.829 53673.5    3.98    3.98    3.98    3.10    0.32    0.32 2005   10   30
2005.832 53674.5    4.28    4.28    4.28    3.40    0.64    0.64 2005   10   31
2005.834 53675.5    2.60    2.60    2.60    1.72   -1.04   -1.04 2005   11    1
2005.837 53676.5    5.52    5.52    5.52    4.64    1.89    1.89 2005   11    2
2005.840 53677.5    0.68    0.68    0.68   -0.21   -2.97   -2.97 2005   11    3
2005.842 53678.5    1.75    1.75    1.75    0.87   -1.90   -1.90 2005   11    4
2005.845 53679.5    4.17    4.17    4.17    3.28    0.51    0.51 2005   11    5
2005.848 53680.5    8.96    8.96    8.96    8.07    5.29    5.29 2005   11    6
2005.851 53681.5    8.09    8.09    8.09    7.19    4.43    4.43 2005   11    7
2005.853 53682.5    9.16    9.16    9.16    8.26    5.51    5.51 2005   11    8
2005.856 53683.5    7.31    7.31    7.31    6.41    3.68    3.68 2005   11    9
2005.859 53684.5    5.43    5.43    5.43    4.53    1.84    1.84 2005   11   10
2005.862 53685.5   -0.15   -0.15   -0.15   -1.06   -3.73   -3.73 2005   11   11
2005.864 53686.5    2.38    2.38    2.38    1.47   -1.20   -1.20 2005   11   12
2005.867 53687.5    1.38    1.38    1.38    0.47   -2.20   -2.20 2005   11   13
2005.870 53688.5    0.38    0.38    0.38   -0.53   -3.22   -3.22 2005   11   14
2005.873 53689.5   -2.60   -2.60   -2.60   -3.52   -6.25   -6.25 2005   11   15
2005.875 53690.5   -1.50   -1.50   -1.50   -2.42   -5.16   -5.16 2005   11   16
2005.878 53691.5   -3.86   -3.86   -3.86   -4.77   -7.53   -7.53 2005   11   17
2005.881 53692.5   -6.78   -6.78   -6.78   -7.70  -10.45  -10.45 2005   11   18
2005.884 53693.5   -9.68   -9.68   -9.68  -10.60  -13.34  -13.34 2005   11   19
2005.886 53694.5   -3.74   -3.74   -3.74   -4.66   -7.39   -7.39 2005   11   20
2005.889 53695.5   -1.32   -1.32   -1.32   -2.25   -5.00   -5.00 2005   11   21
2005.892 53696.5    2.59    2.59    2.59    1.66   -1.10   -1.10 2005   11   22
2005.895 53697.5    0.09    0.09    0.09   -0.84   -3.61   -3.61 2005   11   23
2005.897 53698.5    0.86    0.86    0.86   -0.08   -2.84   -2.84 2005   11   24
2005.900 53699.5    0.58    0.58    0.58   -0.36   -3.10   -3.10 2005   11   25
2005.903 53700.5    0.55    0.55    0.55   -0.39   -3.15   -3.15 2005   11   26
2005.906 53701.5   -1.88   -1.88   -1.88   -2.83   -5.58   -5.58 2005   11   27
2005.908 53702.5   -1.00   -1.00   -1.00   -1.94   -4.73   -4.73 2005   11   28
2005.911 53703.5    1.82    1.82    1.82    0.88   -1.91   -1.91 2005   11   29
2005.914 53704.5    4.28    4.28    4.28    3.33    0.55    0.55 2005   11   30
2005.916 53705.5   -6.80   -6.80   -6.80   -7.75  -10.55  -10.55 2005   12    1
2005.919 53706.5   -5.53   -5.53   -5.53   -6.48   -9.28   -9.28 2005   12    2
2005.922 53707.5   -8.39   -8.39   -8.39   -9.34  -12.14  -12.14 2005   12    3
2005.925 53708.5  -12.59  -12.59  -12.59  -13.55  -16.36  -16.36 2005   12    4
2005.927 53709.5   -9.87   -9.87   -9.87  -10.83  -13.67  -13.67 2005   12    5
2005.930 53710.5   -5.42   -5.42   -5.42   -6.38   -9.23   -9.23 2005   12    6
2005.933 53711.5   -8.41   -8.41   -8.41   -9.38  -12.22  -12.22 2005   12    7
2005.936 53712.5   -5.39   -5.39   -5.39   -6.36   -9.22   -9.22 2005   12    8
2005.938 53713.5  -12.42  -12.42  -12.42  -13.39  -16.27  -16.27 2005   12    9
2005.941 53714.5   -9.69   -9.69   -9.69  -10.67  -13.54  -13.54 2005   12   10
2005.944 53715.5   -3.05   -3.05   -3.05   -4.02   -6.90   -6.90 2005   12   11
2005.947 53716.5   -2.83   -2.83   -2.83   -3.81   -6.69   -6.69 2005   12   12
2005.949 53717.5   -8.08   -8.08   -8.08   -9.06  -11.95  -11.95 2005   12   13
2005.952 53718.5   -8.90   -8.90   -8.90   -9.88  -12.77  -12.77 2005   12   14
2005.955 53719.5   -7.25   -7.25   -7.25   -8.23  -11.12  -11.12 2005   12   15
2005.958 53720.5   -9.13   -9.13   -9.13  -10.11  -12.97  -12.97 2005   12   16
2005.960 53721.5  -10.20  -10.20  -10.20  -11.19  -14.01  -14.01 2005   12   17
2005.963 53722.5   -6.02   -6.02   -6.02   -7.02   -9.79   -9.79 2005   12   18
2005.966 53723.5   -4.16   -4.16   -4.16   -5.16   -7.90   -7.90 2005   12   19
2005.969 53724.5   -5.12   -5.12   -5.12   -6.12   -8.81   -8.81 2005   12   20
2005.971 53725.5    2.46    2.46    2.46    1.46   -1.22   -1.22 2005   12   21
2005.974 53726.5    7.64    7.64    0.84   -0.17   -2.82   -2.82 2005   12   22
2005.977 53727.5   -0.79   -0.79   -0.79   -1.80   -4.41   -4.41 2005   12   23
2005.979 53728.5    2.03    2.03    2.03    1.03   -1.58   -1.58 2005   12   24
2005.982 53729.5   -2.03   -2.03   -2.03   -3.04   -5.66   -5.66 2005   12   25
2005.985 53730.5   -4.29   -4.29   -4.29   -5.30   -7.94   -7.94 2005   12   26
2005.988 53731.5   -2.92   -2.92   -2.92   -3.94   -6.57   -6.57 2005   12   27
2005.990 53732.5   -5.42   -5.42   -5.42   -6.43   -9.05   -9.05 2005   12   28
2005.993 53733.5   -5.12   -5.12   -5.12   -6.14   -8.74   -8.74 2005   12   29
2005.996 53734.5   -7.12   -7.12   -7.12   -8.15  -10.72  -10.72 2005   12   30
2005.999 53735.5   -7.22   -7.22   -7.22   -8.25  -10.82  -10.82 2005   12   31
2006.001 53736.5   -7.90   -7.90   -7.90   -8.93  -11.50  -11.50 2006    1    1
2006.004 53737.5   -6.21   -6.21   -6.21   -7.24   -9.80   -9.80 2006    1    2
2006.007 53738.5   -4.52   -4.52   -4.52   -5.56   -8.12   -8.12 2006    1    3
2006.010 53739.5   -4.82   -4.82   -4.82   -5.85   -8.38   -8.38 2006    1    4
2006.012 53740.5   -5.92   -5.92   -5.92   -6.96   -9.49   -9.49 2006    1    5
2006.015 53741.5   -1.92   -1.92   -1.92   -2.96   -5.48   -5.48 2006    1    6
2006.018 53742.5   -7.20   -7.20   -7.20   -8.24  -10.75  -10.75 2006    1    7
2006.021 53743.5   -1.84   -1.84   -1.84   -2.89   -5.38   -5.38 2006    1    8
2006.023 53744.5   -3.11   -3.11   -3.11   -4.16   -6.60   -6.60 2006    1    9
2006.026 53745.5   -4.14   -4.14   -4.14   -5.19   -7.62   -7.62 2006    1   10
2006.029 53746.5   -6.78   -6.78   -6.78   -7.84  -10.24  -10.24 2006    1   11
2006.031 53747.5   -6.30   -6.30   -6.30   -7.35   -9.76   -9.76 2006    1   12
2006.034 53748.5   -0.09   -0.09   -0.09   -1.15   -3.56   -3.56 2006    1   13
2006.037 53749.5    1.08    1.08    1.08    0.02   -2.41   -2.41 2006    1   14
2006.040 53750.5    0.35    0.35    0.35   -0.72   -3.14   -3.14 2006    1   15
2006.042 53751.5   -6.40   -6.40   -6.40   -7.46   -9.90   -9.90 2006    1   16
2006.045 53752.5   -2.98   -2.98   -2.98   -4.05   -6.47   -6.47 2006    1   17
2006.048 53753.5   -6.69   -6.69   -6.69   -7.76  -10.16  -10.16 2006    1   18
2006.051 53754.5   -2.94   -2.94   -2.94   -4.01   -6.42   -6.42 2006    1   19
2006.053 53755.5   -5.10   -5.10   -5.10   -6.18   -8.57   -8.57 2006    1   20
2006.056 53756.5   -0.73   -0.73   -0.73   -1.81   -4.20   -4.20 2006    1   21
2006.059 53757.5   -1.51   -1.51   -1.51   -2.59   -4.98   -4.98 2006    1   22
2006.062 53758.5   -3.72   -3.72   -3.72   -4.81   -7.18   -7.18 2006    1   23
2006.064 53759.5   -6.75   -6.75   -6.75   -7.84  -10.19  -10.19 2006    1   24
2006.067 53760.5   -3.73   -3.73   -3.73   -4.82   -7.15   -7.15 2006    1   25
2006.070 53761.5    2.29    2.29    2.29    1.20   -1.11   -1.11 2006    1   26
2006.073 53762.5   -0.98   -0.98   -0.98   -2.08   -4.36   -4.36 2006    1   27
2006.075 53763.5    1.66    1.66    1.66    0.56   -1.69   -1.69 2006    1   28
2006.078 53764.5   -1.08   -1.08   -1.08   -2.18   -4.40   -4.40 2006    1   29
2006.081 53765.5   -7.31   -7.31   -7.31   -8.42  -10.63  -10.63 2006    1   30
2006.084 53766.5   -5.16   -5.16   -5.16   -6.27   -8.45   -8.45 2006    1   31
2006.086 53767.5   -5.42   -5.42   -5.42   -6.53   -8.68   -8.68 2006    2    1
2006.089 53768.5  -11.98  -11.98  -11.98  -13.09  -15.20  -15.20 2006    2    2
2006.092 53769.5  -15.00  -15.00  -15.00  -16.11  -18.20  -18.20 2006    2    3
2006.094 53770.5   -4.06   -4.06   -4.06   -5.18   -7.23   -7.23 2006    2    4
2006.097 53771.5   -0.27   -0.27   -0.27   -1.39   -3.40   -3.40 2006    2    5
2006.100 53772.5   -3.06   -3.06   -3.06   -4.18   -6.18   -6.18 2006    2    6
2006.103 53773.5   -8.26   -8.26   -8.26   -9.39  -11.37  -11.37 2006    2    7
2006.105 53774.5   -9.70   -9.70   -9.70  -10.83  -12.78  -12.78 2006    2    8
2006.108 53775.5   -4.01   -4.01   -4.01   -5.14   -7.09   -7.09 2006    2    9
2006.111 53776.5    0.58    0.58    0.58   -0.55   -2.48   -2.48 2006    2   10
2006.114 53777.5    1.47    1.47    1.47    0.34   -1.61   -1.61 2006    2   11
2006.116 53778.5    1.08    1.08    1.08   -0.06   -1.97   -1.97 2006    2   12
2006.119 53779.5    3.15    3.15    3.15    2.01    0.09    0.09 2006    2   13
2006.122 53780.5    1.10    1.10    1.10   -0.04   -1.98   -1.98 2006    2   14
2006.125 53781.5    3.59    3.59    3.59    2.44    0.50    0.50 2006    2   15
2006.127 53782.5   -7.54   -7.54   -7.54   -8.69  -10.61  -10.61 2006    2   16
2006.130 53783.5   -2.23   -2.23   -2.23   -3.38   -5.29   -5.29 2006    2   17
2006.133 53784.5   -5.36   -5.36   -5.36   -6.51   -8.45   -8.45 2006    2   18
2006.136 53785.5    1.18    1.18    1.18    0.02   -1.90   -1.90 2006    2   19
2006.138 53786.5    4.68    4.68    4.68    3.52    1.60    1.60 2006    2   20
2006.141 53787.5   -4.15   -4.15   -4.15   -5.31   -7.21   -7.21 2006    2   21
2006.144 53788.5    0.83    0.83    0.83   -0.34   -2.26   -2.26 2006    2   22
2006.147 53789.5   -3.47   -3.47   -3.47   -4.64   -6.54   -6.54 2006    2   23
2006.149 53790.5   -0.67   -0.67   -0.67   -1.83   -3.71   -3.71 2006    2   24
2006.152 53791.5   -6.24   -6.24   -6.24   -7.41   -9.28   -9.28 2006    2   25
2006.155 53792.5    0.44    0.44    0.44   -0.73   -2.57   -2.57 2006    2   26
2006.158 53793.5   -7.94   -7.94   -7.94   -9.11  -10.93  -10.93 2006    2   27
2006.160 53794.5   -4.32   -4.32   -4.32   -5.50   -7.31   -7.31 2006    2   28
2006.163 53795.5    0.18    0.18    0.18   -1.00   -2.81   -2.81 2006    3    1
2006.166 53796.5    0.38    0.38    0.38   -0.81   -2.63   -2.63 2006    3    2
2006.168 53797.5    4.34    4.34    4.34    3.15    1.35    1.35 2006    3    3
2006.171 53798.5    1.35    1.35    1.35    0.15   -1.66   -1.66 2006    3    4
2006.174 53799.5    0.29    0.29    0.29   -0.91   -2.72   -2.72 2006    3    5
2006.177 53800.5    1.36    1.36    1.36    0.16   -1.64   -1.64 2006    3    6
2006.179 53801.5    1.16    1.16    1.16   -0.04   -1.86   -1.86 2006    3    7
2006.182 53802.5   -3.41   -3.41   -3.41   -4.62   -6.44   -6.44 2006    3    8
2006.185 53803.5   -2.52   -2.52   -2.52   -3.73   -5.54   -5.54 2006    3    9
2006.188 53804.5   -6.03   -6.03   -6.03   -7.23   -9.03   -9.03 2006    3   10
2006.190 53805.5   -4.73   -4.73   -4.73   -5.94   -7.73   -7.73 2006    3   11
2006.193 53806.5    2.84    2.84    2.84    1.63   -0.15   -0.15 2006    3   12
2006.196 53807.5    3.77    3.77    3.77    2.56    0.79    0.79 2006    3   13
2006.199 53808.5    4.53    4.53    4.53    3.31    1.55    1.55 2006    3   14
2006.201 53809.5   11.47   11.47   11.47   10.25    8.49    8.49 2006    3   15
2006.204 53810.5   12.08   12.08   11.59   10.37    8.62    8.62 2006    3   16
2006.207 53811.5   11.71   11.71   11.71   10.48    8.73    8.73 2006    3   17
2006.210 53812.5    4.51    4.51    4.51    3.28    1.54    1.54 2006    3   18
2006.212 53813.5    2.62    2.62    2.62    1.38   -0.35   -0.35 2006    3   19
2006.215 53814.5    4.56    4.56    4.56    3.33    1.61    1.61 2006    3   20
2006.218 53815.5    3.75    3.75    3.75    2.51    0.80    0.80 2006    3   21
2006.221 53816.5    9.35    9.35    9.35    8.11    6.40    6.40 2006    3   22
2006.223 53817.5    5.20    5.20    5.20    3.96    2.27    2.27 2006    3   23
2006.226 53818.5    7.68    7.68    7.68    6.43    4.76    4.76 2006    3   24
2006.229 53819.5    7.68    7.68    7.68    6.44    4.78    4.78 2006    3   25
2006.232 53820.5    8.87    8.87    8.87    7.62    5.96    5.96 2006    3   26
2006.234 53821.5   -0.09   -0.09   -0.09   -1.34   -2.99   -2.99 2006    3   27
2006.237 53822.5    5.43    5.43    5.43    4.17    2.54    2.54 2006    3   28
2006.240 53823.5    8.36    8.36    8.36    7.10    5.49    5.49 2006    3   29
2006.242 53824.5    9.54    9.54    9.54    8.28    6.68    6.68 2006    3   30
2006.245 53825.5    9.88    9.88    9.88    8.61    7.01    7.01 2006    3   31
2006.248 53826.5    2.07    2.07    2.07    0.80   -0.80   -0.80 2006    4    1
2006.251 53827.5   13.89   13.89   13.89   12.62   11.02   11.02 2006    4    2
2006.253 53828.5    7.77    7.77    7.77    6.50    4.89    4.89 2006    4    3
2006.256 53829.5    6.80    6.80    6.80    5.53    3.92    3.92 2006    4    4
2006.259 53830.5    7.57    7.57    7.57    6.30    4.70    4.70 2006    4    5
2006.262 53831.5    8.73    8.73    8.73    7.45    5.86    5.86 2006    4    6
2006.264 53832.5    5.70    5.70    5.70    4.42    2.81    2.81 2006    4    7
2006.267 53833.5    9.88    9.88    9.88    8.59    6.96    6.96 2006    4    8
2006.270 53834.5    9.78    9.78    9.78    8.49    6.87    6.87 2006    4    9
2006.273 53835.5   10.02   10.02   10.02    8.73    7.12    7.12 2006    4   10
2006.275 53836.5    3.21    3.21    3.21    1.91    0.33    0.33 2006    4   11
2006.278 53837.5    0.68    0.68    0.68   -0.62   -2.19   -2.19 2006    4   12
2006.281 53838.5    0.30    0.30    0.30   -1.00   -2.56   -2.56 2006    4   13
2006.284 53839.5   -3.11   -3.11   -3.11   -4.41   -5.96   -5.96 2006    4   14
2006.286 53840.5    5.83    5.83    5.83    4.53    2.98    2.98 2006    4   15
2006.289 53841.5    9.03    9.03    9.03    7.72    6.18    6.18 2006    4   16
2006.292 53842.5    4.70    4.70    4.70    3.39    1.88    1.88 2006    4   17
2006.295 53843.5   -2.24   -2.24   -2.24   -3.55   -5.06   -5.06 2006    4   18
2006.297 53844.5    6.01    6.01    6.01    4.70    3.19    3.19 2006    4   19
2006.300 53845.5   10.78   10.78   10.78    9.47    7.96    7.96 2006    4   20
2006.303 53846.5   11.48   11.48   11.48   10.16    8.64    8.64 2006    4   21
2006.305 53847.5    9.91    9.91    9.91    8.59    7.08    7.08 2006    4   22
2006.308 53848.5    9.48    9.48    9.48    8.15    6.67    6.67 2006    4   23
2006.311 53849.5   10.94   10.94   10.94    9.61    8.11    8.11 2006    4   24
2006.314 53850.5    4.03    4.03    4.03    2.70    1.22    1.22 2006    4   25
2006.316 53851.5    6.41    6.41    6.41    5.07    3.62    3.62 2006    4   26
2006.319 53852.5    0.25    0.25    0.25   -1.09   -2.52   -2.52 2006    4   27
2006.322 53853.5    7.36    7.36    7.36    6.01    4.59    4.59 2006    4   28
2006.325 53854.5   17.38   17.38   17.38   16.04   14.60   14.60 2006    4   29
2006.327 53855.5    6.78    6.78    6.78    5.43    4.00    4.00 2006    4   30
2006.330 53856.5    4.96    4.96    4.96    3.61    2.18    2.18 2006    5    1
2006.333 53857.5    8.27    8.27    8.27    6.91    5.50    5.50 2006    5    2
2006.336 53858.5    8.36    8.36    8.36    7.00    5.58    5.58 2006    5    3
2006.338 53859.5    6.99    6.99    6.99    5.63    4.22    4.22 2006    5    4
2006.341 53860.5    7.88    7.88    7.88    6.51    5.08    5.08 2006    5    5
2006.344 53861.5    7.66    7.66    7.66    6.30    4.85    4.85 2006    5    6
2006.347 53862.5   10.19   10.19   10.19    8.82    7.40    7.40 2006    5    7
2006.349 53863.5   -0.41   -0.41   -0.41   -1.78   -3.19   -3.19 2006    5    8
2006.352 53864.5    7.48    7.48    7.48    6.10    4.70    4.70 2006    5    9
2006.355 53865.5    1.13    1.13    1.13   -0.25   -1.62   -1.62 2006    5   10
2006.358 53866.5  -10.68  -10.68    0.80   -0.58   -1.92   -1.92 2006    5   11
2006.360 53867.5    0.47    0.47    0.47   -0.91   -2.24   -2.24 2006    5   12
2006.363 53868.5    8.02    8.02    8.02    6.64    5.31    5.31 2006    5   13
2006.366 53869.5   10.78   10.78   10.78    9.39    8.06    8.06 2006    5   14
2006.369 53870.5   11.77   11.77   11.77   10.38    9.06    9.06 2006    5   15
2006.371 53871.5   12.35   12.35   12.35   10.95    9.65    9.65 2006    5   16
2006.374 53872.5    8.26    8.26    8.26    6.86    5.56    5.56 2006    5   17
2006.377 53873.5    9.28    9.28    9.28    7.88    6.58    6.58 2006    5   18
2006.379 53874.5   14.85   14.85   14.85   13.45   12.15   12.15 2006    5   19
2006.382 53875.5    7.51    7.51    7.51    6.10    4.80    4.80 2006    5   20
2006.385 53876.5    4.20    4.20    4.20    2.79    1.46    1.46 2006    5   21
2006.388 53877.5   11.92   11.92   11.92   10.51    9.17    9.17 2006    5   22
2006.390 53878.5    9.97    9.97    9.97    8.56    7.23    7.23 2006    5   23
2006.393 53879.5    9.57    9.57    9.57    8.16    6.87    6.87 2006    5   24
2006.396 53880.5    9.09    9.09    9.09    7.68    6.41    6.41 2006    5   25
2006.399 53881.5   -1.03   -1.03   -1.03   -2.45   -3.70   -3.70 2006    5   26
2006.401 53882.5    9.68    9.68    9.68    8.25    7.04    7.04 2006    5   27
2006.404 53883.5    8.14    8.14    8.14    6.72    5.52    5.52 2006    5   28
2006.407 53884.5   11.47   11.47   11.47   10.03    8.84    8.84 2006    5   29
2006.410 53885.5   10.33   10.33   10.33    8.90    7.72    7.72 2006    5   30
2006.412 53886.5   13.85   13.85   13.85   12.41   11.25   11.25 2006    5   31
2006.415 53887.5   18.36   18.36   18.36   16.92   15.77   15.77 2006    6    1
2006.418 53888.5    8.04    8.04    8.04    6.60    5.45    5.45 2006    6    2
2006.421 53889.5   10.09   10.09   10.09    8.64    7.50    7.50 2006    6    3
2006.423 53890.5   11.88   11.88   11.88   10.43    9.31    9.31 2006    6    4
2006.426 53891.5   13.68   13.68   13.68   12.23   11.10   11.10 2006    6    5
2006.429 53892.5   15.05   15.05   15.05   13.59   12.46   12.46 2006    6    6
2006.432 53893.5    8.11    8.11    8.11    6.65    5.54    5.54 2006    6    7
2006.434 53894.5   23.00   23.00   13.16   11.70   10.61   10.61 2006    6    8
2006.437 53895.5   18.22   18.22   18.22   16.75   15.68   15.68 2006    6    9
2006.440 53896.5   14.72   14.72   14.72   13.25   12.18   12.18 2006    6   10
2006.443 53897.5   18.03   18.03   18.03   16.56   15.49   15.49 2006    6   11
2006.445 53898.5   11.18   11.18   11.18    9.71    8.65    8.65 2006    6   12
2006.448 53899.5   11.45   11.45   11.45    9.97    8.93    8.93 2006    6   13
2006.451 53900.5   11.72   11.72   11.72   10.24    9.19    9.19 2006    6   14
2006.453 53901.5   11.92   11.92   11.92   10.44    9.38    9.38 2006    6   15
2006.456 53902.5    8.89    8.89    8.89    7.41    6.34    6.34 2006    6   16
2006.459 53903.5    6.05    6.05    6.05    4.56    3.50    3.50 2006    6   17
2006.462 53904.5    4.28    4.28    4.28    2.79    1.72    1.72 2006    6   18
2006.464 53905.5    9.94    9.94    9.94    8.44    7.37    7.37 2006    6   19
2006.467 53906.5    6.48    6.48    6.48    4.98    3.93    3.93 2006    6   20
2006.470 53907.5    9.67    9.67    9.67    8.17    7.13    7.13 2006    6   21
2006.473 53908.5    6.64    6.64    6.64    5.14    4.13    4.13 2006    6   22
2006.475 53909.5    6.68    6.68    6.68    5.17    4.18    4.18 2006    6   23
2006.478 53910.5   10.39   10.39   10.39    8.88    7.90    7.90 2006    6   24
2006.481 53911.5   15.16   15.16   15.16   13.65   12.67   12.67 2006    6   25
2006.484 53912.5   12.85   12.85   12.85   11.34   10.36   10.36 2006    6   26
2006.486 53913.5   13.97   13.97   13.97   12.45   11.48   11.48 2006    6   27
2006.489 53914.5    3.86    3.86    3.86    2.35    1.39    1.39 2006    6   28
2006.492 53915.5    2.60    2.60    2.60    1.08    0.11    0.11 2006    6   29
2006.495 53916.5    7.15    7.15    7.15    5.62    4.66    4.66 2006    6   30
2006.497 53917.5   11.79   11.79   11.79   10.26    9.31    9.31 2006    7    1
2006.500 53918.5   13.28   13.28   13.28   11.75   10.80   10.80 2006    7    2
2006.503 53919.5   16.80   16.80   16.80   15.27   14.31   14.31 2006    7    3
2006.505 53920.5   12.69   12.69   12.69   11.16   10.21   10.21 2006    7    4
2006.508 53921.5    9.80    9.80    9.80    8.27    7.32    7.32 2006    7    5
2006.511 53922.5   11.46   11.46   11.46    9.92    8.99    8.99 2006    7    6
2006.514 53923.5   12.26   12.26   12.26   10.72    9.81    9.81 2006    7    7
2006.516 53924.5   10.03   10.03   10.03    8.48    7.60    7.60 2006    7    8
2006.519 53925.5    5.37    5.37    5.37    3.82    2.93    2.93 2006    7    9
2006.522 53926.5    4.42    4.42    4.42    2.87    2.00    2.00 2006    7   10
2006.525 53927.5   10.48   10.48   10.48    8.92    8.08    8.08 2006    7   11
2006.527 53928.5    0.48    0.48    0.48   -1.08   -1.91   -1.91 2006    7   12
2006.530 53929.5   10.64   10.64   10.64    9.08    8.26    8.26 2006    7   13
2006.533 53930.5    8.55    8.55    8.55    6.98    6.17    6.17 2006    7   14
2006.536 53931.5   11.64   11.64   11.64   10.07    9.28    9.28 2006    7   15
2006.538 53932.5    3.28    3.28    3.28    1.71    0.94    0.94 2006    7   16
2006.541 53933.5   15.67   15.67   15.67   14.10   13.35   13.35 2006    7   17
2006.544 53934.5    1.80    1.80    1.80    0.23   -0.53   -0.53 2006    7   18
2006.547 53935.5    8.74    8.74    8.74    7.16    6.42    6.42 2006    7   19
2006.549 53936.5   15.28   15.28   15.28   13.69   12.95   12.95 2006    7   20
2006.552 53937.5    6.19    6.19    6.19    4.60    3.87    3.87 2006    7   21
2006.555 53938.5    8.37    8.37    8.37    6.78    6.06    6.06 2006    7   22
2006.557 53939.5   -7.39   -7.39    4.58    2.98    2.30    2.30 2006    7   23
2006.560 53940.5    0.78    0.78    0.78   -0.81   -1.48   -1.48 2006    7   24
2006.563 53941.5    6.03    6.03    6.03    4.43    3.78    3.78 2006    7   25
2006.566 53942.5   -0.03   -0.03   -0.03   -1.63   -2.28   -2.28 2006    7   26
2006.568 53943.5    3.09    3.09    3.09    1.48    0.84    0.84 2006    7   27
2006.571 53944.5    4.74    4.74    4.74    3.13    2.51    2.51 2006    7   28
2006.574 53945.5   -1.32   -1.32   -1.32   -2.93   -3.54   -3.54 2006    7   29
2006.577 53946.5   -5.20   -5.20   -0.18   -1.80   -2.38   -2.38 2006    7   30
2006.579 53947.5    0.95    0.95    0.95   -0.66   -1.24   -1.24 2006    7   31
2006.582 53948.5   -0.53   -0.53   -0.53   -2.15   -2.74   -2.74 2006    8    1
2006.585 53949.5    5.11    5.11    5.11    3.49    2.92    2.92 2006    8    2
2006.588 53950.5   -2.99   -2.99   -2.99   -4.62   -5.19   -5.19 2006    8    3
2006.590 53951.5    0.62    0.62    0.62   -1.01   -1.62   -1.62 2006    8    4
2006.593 53952.5    2.27    2.27    2.27    0.64   -0.02   -0.02 2006    8    5
2006.596 53953.5    0.22    0.22    0.22   -1.42   -2.08   -2.08 2006    8    6
2006.599 53954.5    3.18    3.18    3.18    1.54    0.89    0.89 2006    8    7
2006.601 53955.5   -0.33   -0.33   -0.33   -1.97   -2.61   -2.61 2006    8    8
2006.604 53956.5    5.53    5.53    5.53    3.89    3.25    3.25 2006    8    9
2006.607 53957.5    6.88    6.88    6.88    5.23    4.58    4.58 2006    8   10
2006.610 53958.5    6.98    6.98    6.98    5.33    4.65    4.65 2006    8   11
2006.612 53959.5    7.60    7.60    7.60    5.94    5.28    5.28 2006    8   12
2006.615 53960.5   -2.86   -2.86   -2.86   -4.52   -5.17   -5.17 2006    8   13
2006.618 53961.5    9.55    9.55    9.55    7.89    7.25    7.25 2006    8   14
2006.621 53962.5    1.47    1.47    1.47   -0.19   -0.80   -0.80 2006    8   15
2006.623 53963.5    1.08    1.08    1.08   -0.59   -1.18   -1.18 2006    8   16
2006.626 53964.5   -4.71   -4.71   -4.71   -6.38   -6.96   -6.96 2006    8   17
2006.629 53965.5    1.13    1.13    1.13   -0.54   -1.13   -1.13 2006    8   18
2006.631 53966.5   17.65   17.65   17.65   15.98   15.39   15.39 2006    8   19
2006.634 53967.5    6.73    6.73    6.73    5.06    4.46    4.46 2006    8   20
2006.637 53968.5   -8.55   -8.55    3.78    2.10    1.51    1.51 2006    8   21
2006.640 53969.5    0.83    0.83    0.83   -0.85   -1.41   -1.41 2006    8   22
2006.642 53970.5   10.14   10.14   10.14    8.45    7.89    7.89 2006    8   23
2006.645 53971.5    1.15    1.15    1.15   -0.54   -1.09   -1.09 2006    8   24
2006.648 53972.5   -0.22   -0.22   -0.22   -1.92   -2.47   -2.47 2006    8   25
2006.651 53973.5    0.95    0.95    0.95   -0.75   -1.30   -1.30 2006    8   26
2006.653 53974.5    0.38    0.38    0.38   -1.32   -1.87   -1.87 2006    8   27
2006.656 53975.5    3.00    3.00    3.00    1.30    0.76    0.76 2006    8   28
2006.659 53976.5    5.65    5.65    5.65    3.94    3.39    3.39 2006    8   29
2006.662 53977.5    6.87    6.87    6.87    5.16    4.62    4.62 2006    8   30
2006.664 53978.5    5.80    5.80    5.80    4.08    3.56    3.56 2006    8   31
2006.667 53979.5    5.39    5.39    5.39    3.67    3.18    3.18 2006    9    1
2006.670 53980.5    7.53    7.53    7.53    5.81    5.37    5.37 2006    9    2
2006.673 53981.5    0.98    0.98    0.98   -0.74   -1.15   -1.15 2006    9    3
2006.675 53982.5    0.44    0.44    0.44   -1.28   -1.66   -1.66 2006    9    4
2006.678 53983.5    9.01    9.01    9.01    7.28    6.93    6.93 2006    9    5
2006.681 53984.5    7.91    7.91    7.91    6.18    5.84    5.84 2006    9    6
2006.684 53985.5    2.34    2.34    2.34    0.61    0.28    0.28 2006    9    7
2006.686 53986.5    0.15    0.15    0.15   -1.59   -1.90   -1.90 2006    9    8
2006.689 53987.5    9.27    9.27    9.27    7.53    7.23    7.23 2006    9    9
2006.692 53988.5    5.47    5.47    5.47    3.72    3.42    3.42 2006    9   10
2006.695 53989.5    2.91    2.91    2.91    1.17    0.88    0.88 2006    9   11
2006.697 53990.5    4.48    4.48    4.48    2.73    2.46    2.46 2006    9   12
2006.700 53991.5   -0.83   -0.83   -0.83   -2.58   -2.83   -2.83 2006    9   13
2006.703 53992.5    4.04    4.04    4.04    2.28    2.08    2.08 2006    9   14
2006.705 53993.5    3.19    3.19    3.19    1.43    1.29    1.29 2006    9   15
2006.708 53994.5    4.26    4.26    4.26    2.50    2.41    2.41 2006    9   16
2006.711 53995.5    4.76    4.76    4.76    3.00    2.95    2.95 2006    9   17
2006.714 53996.5    1.73    1.73    1.73   -0.04   -0.05   -0.05 2006    9   18
2006.716 53997.5    4.16    4.16    4.16    2.39    2.40    2.40 2006    9   19
2006.719 53998.5   -0.61   -0.61   -0.61   -2.38   -2.34   -2.34 2006    9   20
2006.722 53999.5   -0.82   -0.82   -0.82   -2.60   -2.52   -2.52 2006    9   21
2006.725 54000.5    0.25    0.25    0.25   -1.53   -1.43   -1.43 2006    9   22
2006.727 54001.5   -0.52   -0.52   -0.52   -2.30   -2.17   -2.17 2006    9   23
2006.730 54002.5    4.73    4.73    4.73    2.94    3.08    3.08 2006    9   24
2006.733 54003.5    0.82    0.82    0.82   -0.97   -0.82   -0.82 2006    9   25
2006.736 54004.5   -0.01   -0.01   -0.01   -1.81   -1.68   -1.68 2006    9   26
2006.738 54005.5    0.86    0.86    0.86   -0.93   -0.81   -0.81 2006    9   27
2006.741 54006.5    0.59    0.59    0.59   -1.21   -1.06   -1.06 2006    9   28
2006.744 54007.5    2.99    2.99    2.99    1.18    1.32    1.32 2006    9   29
2006.747 54008.5    3.38    3.38    3.38    1.57    1.72    1.72 2006    9   30
2006.749 54009.5    4.24    4.24    4.24    2.43    2.58    2.58 2006   10    1
2006.752 54010.5    8.44    8.44    8.44    6.63    6.84    6.84 2006   10    2
2006.755 54011.5    3.77    3.77    3.77    1.95    2.18    2.18 2006   10    3
2006.758 54012.5    2.78    2.78    2.78    0.96    1.20    1.20 2006   10    4
2006.760 54013.5    5.98    5.98    5.98    4.16    4.44    4.44 2006   10    5
2006.763 54014.5    6.25    6.25    6.25    4.43    4.74    4.74 2006   10    6
2006.766 54015.5   12.53   12.53   12.53   10.70   11.03   11.03 2006   10    7
2006.768 54016.5    0.27    0.27    0.27   -1.57   -1.21   -1.21 2006   10    8
2006.771 54017.5    2.67    2.67    2.67    0.83    1.22    1.22 2006   10    9
2006.774 54018.5    0.73    0.73    0.73   -1.11   -0.69   -0.69 2006   10   10
2006.777 54019.5   -2.79   -2.79   -2.79   -4.64   -4.21   -4.21 2006   10   11
2006.779 54020.5    0.28    0.28    0.28   -1.56   -1.13   -1.13 2006   10   12
2006.782 54021.5   -1.30   -1.30   -1.30   -3.15   -2.73   -2.73 2006   10   13
2006.785 54022.5    4.66    4.66    4.66    2.81    3.22    3.22 2006   10   14
2006.788 54023.5    2.13    2.13    2.13    0.27    0.71    0.71 2006   10   15
2006.790 54024.5   -0.61   -0.61   -0.61   -2.47   -2.01   -2.01 2006   10   16
2006.793 54025.5   -3.36   -3.36   -3.36   -5.22   -4.74   -4.74 2006   10   17
2006.796 54026.5    1.86    1.86    1.86   -0.01    0.46    0.46 2006   10   18
2006.799 54027.5    1.03    1.03    1.03   -0.84   -0.37   -0.37 2006   10   19
2006.801 54028.5   -2.30   -2.30   -2.30   -4.17   -3.68   -3.68 2006   10   20
2006.804 54029.5   -7.27   -7.27   -7.27   -9.15   -8.63   -8.63 2006   10   21
2006.807 54030.5   -3.17   -3.17   -3.17   -5.05   -4.51   -4.51 2006   10   22
2006.810 54031.5    1.44    1.44    1.44   -0.44    0.13    0.13 2006   10   23
2006.812 54032.5   -3.74   -3.74   -3.74   -5.63   -5.03   -5.03 2006   10   24
2006.815 54033.5   -8.92   -8.92   -8.92  -10.81  -10.21  -10.21 2006   10   25
2006.818 54034.5   -2.58   -2.58   -2.58   -4.47   -3.85   -3.85 2006   10   26
2006.821 54035.5    3.65    3.65    3.65    1.76    2.38    2.38 2006   10   27
2006.823 54036.5    6.42    6.42    6.42    4.53    5.16    5.16 2006   10   28
2006.826 54037.5    2.91    2.91    2.91    1.01    1.68    1.68 2006   10   29
2006.829 54038.5    1.23    1.23    1.23   -0.67    0.04    0.04 2006   10   30
2006.832 54039.5   -0.20   -0.20   -0.20   -2.11   -1.40   -1.40 2006   10   31
2006.834 54040.5    6.08    6.08    6.08    4.17    4.89    4.89 2006   11    1
2006.837 54041.5    5.88    5.88    5.88    3.97    4.69    4.69 2006   11    2
2006.840 54042.5   10.08   10.08   10.08    8.16    8.89    8.89 2006   11    3
2006.842 54043.5    4.51    4.51    4.51    2.59    3.31    3.31 2006   11    4
2006.845 54044.5   -0.70   -0.70   -0.70   -2.62   -1.90   -1.90 2006   11    5
2006.848 54045.5    4.32    4.32    4.32    2.39    3.12    3.12 2006   11    6
2006.851 54046.5    6.66    6.66    6.66    4.73    5.45    5.45 2006   11    7
2006.853 54047.5   -1.63   -1.63   -1.63   -3.56   -2.82   -2.82 2006   11    8
2006.856 54048.5   -2.02   -2.02   -2.02   -3.95   -3.23   -3.23 2006   11    9
2006.859 54049.5   -0.20   -0.20   -0.20   -2.14   -1.44   -1.44 2006   11   10
2006.862 54050.5    2.42    2.42    2.42    0.48    1.17    1.17 2006   11   11
2006.864 54051.5    3.98    3.98    3.98    2.03    2.73    2.73 2006   11   12
2006.867 54052.5   -4.15   -4.15   -4.15   -6.10   -5.40   -5.40 2006   11   13
2006.870 54053.5   -0.44   -0.44   -0.44   -2.39   -1.69   -1.69 2006   11   14
2006.873 54054.5   -2.34   -2.34   -2.34   -4.29   -3.58   -3.58 2006   11   15
2006.875 54055.5   -3.35   -3.35   -3.35   -5.30   -4.58   -4.58 2006   11   16
2006.878 54056.5   -3.99   -3.99   -3.99   -5.95   -5.21   -5.21 2006   11   17
2006.881 54057.5   -1.36   -1.36   -1.36   -3.33   -2.57   -2.57 2006   11   18
2006.884 54058.5   -0.71   -0.71   -0.71   -2.68   -1.91   -1.91 2006   11   19
2006.886 54059.5    1.24    1.24    1.24   -0.73    0.04    0.04 2006   11   20
2006.889 54060.5   -4.62   -4.62   -4.62   -6.60   -5.80   -5.80 2006   11   21
2006.892 54061.5   -9.90   -9.90   -9.90  -11.88  -11.06  -11.06 2006   11   22
2006.895 54062.5   -8.33   -8.33   -8.33  -10.31   -9.50   -9.50 2006   11   23
2006.897 54063.5   -4.72   -4.72   -4.72   -6.71   -5.87   -5.87 2006   11   24
2006.900 54064.5   -9.38   -9.38   -9.38  -11.37  -10.55  -10.55 2006   11   25
2006.903 54065.5   -3.83   -3.83   -3.83   -5.82   -4.96   -4.96 2006   11   26
2006.906 54066.5   -4.41   -4.41   -4.41   -6.41   -5.53   -5.53 2006   11   27
2006.908 54067.5   -3.70   -3.70   -3.70   -5.70   -4.79   -4.79 2006   11   28
2006.911 54068.5   -1.17   -1.17   -1.17   -3.17   -2.24   -2.24 2006   11   29
2006.914 54069.5   -2.42   -2.42   -2.42   -4.43   -3.47   -3.47 2006   11   30
2006.916 54070.5   -5.54   -5.54   -5.54   -7.55   -6.56   -6.56 2006   12    1
2006.919 54071.5   -8.65   -8.65   -8.65  -10.67   -9.67   -9.67 2006   12    2
2006.922 54072.5  -11.70  -11.70  -11.70  -13.72  -12.71  -12.71 2006   12    3
2006.925 54073.5  -10.33  -10.33  -10.33  -12.35  -11.33  -11.33 2006   12    4
2006.927 54074.5   -8.46   -8.46   -8.46  -10.48   -9.44   -9.44 2006   12    5
2006.930 54075.5  -11.56  -11.56  -11.56  -13.58  -12.51  -12.51 2006   12    6
2006.933 54076.5  -12.72  -12.72  -12.72  -14.75  -13.68  -13.68 2006   12    7
2006.936 54077.5  -12.24  -12.24  -12.24  -14.27  -13.18  -13.18 2006   12    8
2006.938 54078.5  -12.82  -12.82  -12.82  -14.86  -13.74  -13.74 2006   12    9
2006.941 54079.5   -9.56   -9.56   -9.56  -11.59  -10.45  -10.45 2006   12   10
2006.944 54080.5   -6.14   -6.14   -6.14   -8.18   -7.01   -7.01 2006   12   11
2006.947 54081.5   -6.32   -6.32   -6.32   -8.36   -7.17   -7.17 2006   12   12
2006.949 54082.5   -5.13   -5.13   -5.13   -7.18   -5.99   -5.99 2006   12   13
2006.952 54083.5   -5.22   -5.22   -5.22   -7.27   -6.07   -6.07 2006   12   14
2006.955 54084.5   -2.86   -2.86   -2.86   -4.92   -3.72   -3.72 2006   12   15
2006.958 54085.5   -9.69   -9.69   -9.69  -11.75  -10.56  -10.56 2006   12   16
2006.960 54086.5   -2.86   -2.86   -2.86   -4.92   -3.73   -3.73 2006   12   17
2006.963 54087.5   -6.49   -6.49   -6.49   -8.55   -7.38   -7.38 2006   12   18
2006.966 54088.5  -10.33  -10.33  -10.33  -12.40  -11.24  -11.24 2006   12   19
2006.969 54089.5   -8.63   -8.63   -8.63  -10.70   -9.55   -9.55 2006   12   20
2006.971 54090.5   -7.75   -7.75   -7.75   -9.82   -8.68   -8.68 2006   12   21
2006.974 54091.5   -2.96   -2.96   -2.96   -5.04   -3.91   -3.91 2006   12   22
2006.977 54092.5   -4.05   -4.05   -4.05   -6.13   -5.01   -5.01 2006   12   23
2006.979 54093.5    1.98    1.98    1.98   -0.10    1.02    1.02 2006   12   24
2006.982 54094.5   -3.42   -3.42   -3.42   -5.51   -4.39   -4.39 2006   12   25
2006.985 54095.5   -4.14   -4.14   -4.14   -6.23   -5.12   -5.12 2006   12   26
2006.988 54096.5   -9.22   -9.22   -9.22  -11.32  -10.21  -10.21 2006   12   27
2006.990 54097.5    2.66    2.66    2.66    0.56    1.64    1.64 2006   12   28
2006.993 54098.5   -8.58   -8.58   -8.58  -10.68   -9.62   -9.62 2006   12   29
2006.996 54099.5   -7.58   -7.58   -7.58   -9.69   -8.61   -8.61 2006   12   30
2006.999 54100.5   -6.53   -6.53   -6.53   -8.64   -7.57   -7.57 2006   12   31
2007.001 54101.5   -4.37   -4.37   -4.37   -6.48   -5.41   -5.41 2007    1    1
2007.004 54102.5   -8.36   -8.36   -8.36  -10.48   -9.42   -9.42 2007    1    2
2007.007 54103.5   -6.14   -6.14   -6.14   -8.26   -7.22   -7.22 2007    1    3
2007.010 54104.5  -10.83  -10.83  -10.83  -12.95  -11.91  -11.91 2007    1    4
2007.012 54105.5  -11.32  -11.32  -11.32  -13.45  -12.39  -12.39 2007    1    5
2007.015 54106.5   -7.71   -7.71   -7.71   -9.84   -8.76   -8.76 2007    1    6
2007.018 54107.5   -5.33   -5.33   -5.33   -7.46   -6.41   -6.41 2007    1    7
2007.021 54108.5   -9.55   -9.55   -9.55  -11.69  -10.66  -10.66 2007    1    8
2007.023 54109.5  -11.40  -11.40  -11.40  -13.54  -12.53  -12.53 2007    1    9
2007.026 54110.5   -8.91   -8.91   -8.91  -11.06  -10.04  -10.04 2007    1   10
2007.029 54111.5   -7.64   -7.64   -7.64   -9.79   -8.79   -8.79 2007    1   11
2007.031 54112.5   -7.81   -7.81   -7.81   -9.96   -8.96   -8.96 2007    1   12
2007.034 54113.5   -5.16   -5.16   -5.16   -7.32   -6.31   -6.31 2007    1   13
2007.037 54114.5   -7.02   -7.02   -7.02   -9.18   -8.18   -8.18 2007    1   14
2007.040 54115.5   -4.33   -4.33   -4.33   -6.49   -5.52   -5.52 2007    1   15
2007.042 54116.5   -4.52   -4.52   -4.52   -6.68   -5.72   -5.72 2007    1   16
2007.045 54117.5   -5.62   -5.62   -5.62   -7.79   -6.85   -6.85 2007    1   17
2007.048 54118.5   -5.76   -5.76   -5.76   -7.93   -6.99   -6.99 2007    1   18
2007.051 54119.5   -6.93   -6.93   -6.93   -9.11   -8.15   -8.15 2007    1   19
2007.053 54120.5   -8.15   -8.15   -8.15  -10.33   -9.35   -9.35 2007    1   20
2007.056 54121.5  -13.00  -13.00  -13.00  -15.18  -14.17  -14.17 2007    1   21
2007.059 54122.5   -7.72   -7.72   -7.72   -9.91   -8.89   -8.89 2007    1   22
2007.062 54123.5   -7.42   -7.42   -7.42   -9.61   -8.61   -8.61 2007    1   23
2007.064 54124.5   -6.05   -6.05   -6.05   -8.25   -7.24   -7.24 2007    1   24
2007.067 54125.5   -5.03   -5.03   -5.03   -7.22   -6.23   -6.23 2007    1   25
2007.070 54126.5   -5.51   -5.51   -5.51   -7.71   -6.73   -6.73 2007    1   26
2007.073 54127.5   -4.34   -4.34   -4.34   -6.54   -5.59   -5.59 2007    1   27
2007.075 54128.5   -5.51   -5.51   -5.51   -7.71   -6.77   -6.77 2007    1   28
2007.078 54129.5   -3.45   -3.45   -3.45   -5.66   -4.72   -4.72 2007    1   29
2007.081 54130.5   -0.76   -0.76   -0.76   -2.97   -2.05   -2.05 2007    1   30
2007.084 54131.5  -10.43  -10.43  -10.43  -12.65  -11.74  -11.74 2007    1   31
2007.086 54132.5   -2.92   -2.92   -2.92   -5.14   -4.23   -4.23 2007    2    1
2007.089 54133.5    2.56    2.56    2.56    0.34    1.23    1.23 2007    2    2
2007.092 54134.5    1.59    1.59    1.59   -0.64    0.26    0.26 2007    2    3
2007.094 54135.5   10.96   10.96   -0.59   -2.82   -1.94   -1.94 2007    2    4
2007.097 54136.5   -2.76   -2.76   -2.76   -4.99   -4.12   -4.12 2007    2    5
2007.100 54137.5   -5.95   -5.95   -5.95   -8.18   -7.32   -7.32 2007    2    6
2007.103 54138.5   -8.75   -8.75   -8.75  -10.99  -10.17  -10.17 2007    2    7
2007.105 54139.5   -2.49   -2.49   -2.49   -4.74   -3.90   -3.90 2007    2    8
2007.108 54140.5    4.49    4.49    4.49    2.25    3.07    3.07 2007    2    9
2007.111 54141.5   -3.32   -3.32   -3.32   -5.57   -4.78   -4.78 2007    2   10
2007.114 54142.5   -0.07   -0.07   -0.07   -2.32   -1.54   -1.54 2007    2   11
2007.116 54143.5   -2.60   -2.60   -2.60   -4.86   -4.10   -4.10 2007    2   12
2007.119 54144.5   -6.46   -6.46   -6.46   -8.72   -7.93   -7.93 2007    2   13
2007.122 54145.5   -2.27   -2.27   -2.27   -4.54   -3.77   -3.77 2007    2   14
2007.125 54146.5   -0.97   -0.97   -0.97   -3.23   -2.47   -2.47 2007    2   15
2007.127 54147.5   -2.40   -2.40   -2.40   -4.67   -3.95   -3.95 2007    2   16
2007.130 54148.5   -3.41   -3.41   -3.41   -5.69   -4.98   -4.98 2007    2   17
2007.133 54149.5   -1.07   -1.07   -1.07   -3.35   -2.61   -2.61 2007    2   18
2007.136 54150.5    2.18    2.18    2.18   -0.10    0.63    0.63 2007    2   19
2007.138 54151.5   -5.80   -5.80   -5.80   -8.09   -7.36   -7.36 2007    2   20
2007.141 54152.5   -2.15   -2.15   -2.15   -4.44   -3.71   -3.71 2007    2   21
2007.144 54153.5   -4.47   -4.47   -4.47   -6.76   -6.03   -6.03 2007    2   22
2007.147 54154.5   -0.17   -0.17   -0.17   -2.47   -1.76   -1.76 2007    2   23
2007.149 54155.5   -1.53   -1.53   -1.53   -3.83   -3.12   -3.12 2007    2   24
2007.152 54156.5   -2.61   -2.61   -2.61   -4.91   -4.21   -4.21 2007    2   25
2007.155 54157.5   -3.62   -3.62   -3.62   -5.93   -5.23   -5.23 2007    2   26
2007.158 54158.5   -3.35   -3.35   -3.35   -5.66   -4.97   -4.97 2007    2   27
2007.160 54159.5   -4.62   -4.62   -4.62   -6.94   -6.24   -6.24 2007    2   28
2007.163 54160.5   -7.84   -7.84   -7.84  -10.16   -9.46   -9.46 2007    3    1
2007.166 54161.5   -8.91   -8.91   -8.91  -11.23  -10.52  -10.52 2007    3    2
2007.168 54162.5  -12.03  -12.03  -12.03  -14.35  -13.63  -13.63 2007    3    3
2007.171 54163.5  -12.44  -12.44  -12.44  -14.77  -14.03  -14.03 2007    3    4
2007.174 54164.5   -6.82   -6.82   -6.82   -9.15   -8.43   -8.43 2007    3    5
2007.177 54165.5   -6.53   -6.53   -6.53   -8.86   -8.15   -8.15 2007    3    6
2007.179 54166.5   -4.23   -4.23   -4.23   -6.57   -5.84   -5.84 2007    3    7
2007.182 54167.5   -5.88   -5.88   -5.88   -8.22   -7.50   -7.50 2007    3    8
2007.185 54168.5   -7.62   -7.62   -7.62   -9.97   -9.26   -9.26 2007    3    9
2007.188 54169.5   -7.33   -7.33   -7.33   -9.68   -8.99   -8.99 2007    3   10
2007.190 54170.5   -2.86   -2.86   -2.86   -5.21   -4.50   -4.50 2007    3   11
2007.193 54171.5   -2.14   -2.14   -2.14   -4.50   -3.79   -3.79 2007    3   12
2007.196 54172.5   -2.22   -2.22   -2.22   -4.58   -3.90   -3.90 2007    3   13
2007.199 54173.5   -2.24   -2.24   -2.24   -4.60   -3.91   -3.91 2007    3   14
2007.201 54174.5   -4.39   -4.39   -4.39   -6.75   -6.05   -6.05 2007    3   15
2007.204 54175.5   -7.41   -7.41   -7.41   -9.79   -9.07   -9.07 2007    3   16
2007.207 54176.5   -5.84   -5.84   -5.84   -8.22   -7.50   -7.50 2007    3   17
2007.210 54177.5  -10.90  -10.90  -10.90  -13.28  -12.56  -12.56 2007    3   18
2007.212 54178.5   -9.35   -9.35   -9.35  -11.73  -10.98  -10.98 2007    3   19
2007.215 54179.5   -5.45   -5.45   -5.45   -7.84   -7.11   -7.11 2007    3   20
2007.218 54180.5   -5.40   -5.40   -5.40   -7.78   -7.05   -7.05 2007    3   21
2007.221 54181.5   -3.15   -3.15   -3.15   -5.54   -4.82   -4.82 2007    3   22
2007.223 54182.5   -0.92   -0.92   -0.92   -3.31   -2.60   -2.60 2007    3   23
2007.226 54183.5    0.03    0.03    0.03   -2.37   -1.65   -1.65 2007    3   24
2007.229 54184.5    5.68    5.68    5.68    3.28    3.97    3.97 2007    3   25
2007.232 54185.5    5.75    5.75    5.75    3.34    4.04    4.04 2007    3   26
2007.234 54186.5    8.87    8.87    8.87    6.46    7.16    7.16 2007    3   27
2007.237 54187.5    6.93    6.93    6.93    4.52    5.20    5.20 2007    3   28
2007.240 54188.5    1.02    1.02    1.02   -1.39   -0.71   -0.71 2007    3   29
2007.242 54189.5   13.39   13.39   13.39   10.97   11.65    2.60 2007    3   30
2007.245 54190.5    7.65    7.65    7.65    5.23    5.91    5.91 2007    3   31
2007.248 54191.5    4.30    4.30    4.30    1.87    2.56    2.56 2007    4    1
2007.251 54192.5   -5.96   -5.96   -5.96   -8.39   -7.71   -7.71 2007    4    2
2007.253 54193.5    1.09    1.09    1.09   -1.35   -0.65   -0.65 2007    4    3
2007.256 54194.5    3.33    3.33    3.33    0.89    1.57    1.57 2007    4    4
2007.259 54195.5   -5.89   -5.89   -5.89   -8.33   -7.63   -7.63 2007    4    5
2007.262 54196.5   -1.21   -1.21   -1.21   -3.65   -2.94   -2.94 2007    4    6
2007.264 54197.5   -0.33   -0.33   -0.33   -2.78   -2.04   -2.04 2007    4    7
2007.267 54198.5    2.84    2.84    2.84    0.38    1.16    1.16 2007    4    8
2007.270 54199.5   -0.88   -0.88   -0.88   -3.33   -2.55   -2.55 2007    4    9
2007.273 54200.5   -0.82   -0.82   -0.82   -3.28   -2.47   -2.47 2007    4   10
2007.275 54201.5   -0.40   -0.40   -0.40   -2.87   -2.06   -2.06 2007    4   11
2007.278 54202.5    0.41    0.41    0.41   -2.06   -1.25   -1.25 2007    4   12
2007.281 54203.5    7.57    7.57    7.57    5.10    5.92    5.92 2007    4   13
2007.284 54204.5   -1.29   -1.29   -1.29   -3.76   -2.93   -2.93 2007    4   14
2007.286 54205.5    0.38    0.38    0.38   -2.10   -1.25   -1.25 2007    4   15
2007.289 54206.5    0.28    0.28    0.28   -2.20   -1.35   -1.35 2007    4   16
2007.292 54207.5    0.31    0.31    0.31   -2.17   -1.32   -1.32 2007    4   17
2007.295 54208.5    3.34    3.34    3.34    0.85    1.70    1.70 2007    4   18
2007.297 54209.5    5.39    5.39    5.39    2.90    3.75    3.75 2007    4   19
2007.300 54210.5    6.95    6.95    6.95    4.45    5.30    5.30 2007    4   20
2007.303 54211.5   -1.22   -1.22   -1.22   -3.72   -2.89   -2.89 2007    4   21
2007.305 54212.5    2.10    2.10    2.10   -0.40    0.39    0.39 2007    4   22
2007.308 54213.5    1.68    1.68    1.68   -0.83   -0.05   -0.05 2007    4   23
2007.311 54214.5    1.77    1.77    1.77   -0.74    0.05    0.05 2007    4   24
2007.314 54215.5    4.95    4.95    4.95    2.44    3.22    3.22 2007    4   25
2007.316 54216.5    1.17    1.17    1.17   -1.35   -0.58   -0.58 2007    4   26
2007.319 54217.5    0.68    0.68    0.68   -1.84   -1.08   -1.08 2007    4   27
2007.322 54218.5    1.79    1.79    1.79   -0.73    0.03    0.03 2007    4   28
2007.325 54219.5    3.64    3.64    3.64    1.11    1.89    1.89 2007    4   29
2007.327 54220.5   -3.12   -3.12   -3.12   -5.66   -4.88   -4.88 2007    4   30
2007.330 54221.5    4.98    4.98    4.98    2.44    3.24    3.24 2007    5    1
2007.333 54222.5    5.08    5.08    5.08    2.54    3.34    3.34 2007    5    2
2007.336 54223.5   12.37   12.37   12.37    9.83   10.64   10.64 2007    5    3
2007.338 54224.5    5.53    5.53    5.53    2.98    3.82    3.82 2007    5    4
2007.341 54225.5    9.55    9.55    9.55    7.00    7.87    7.87 2007    5    5
2007.344 54226.5    7.39    7.39    7.39    4.84    5.73    5.73 2007    5    6
2007.347 54227.5   10.92   10.92   10.92    8.36    9.28    9.28 2007    5    7
2007.349 54228.5    3.66    3.66    3.66    1.10    2.03    2.03 2007    5    8
2007.352 54229.5    3.18    3.18    3.18    0.61    1.57    1.57 2007    5    9
2007.355 54230.5    7.77    7.77    7.77    5.20    6.17    6.17 2007    5   10
2007.358 54231.5    8.38    8.38    8.38    5.80    6.77    6.77 2007    5   11
2007.360 54232.5    4.29    4.29    4.29    1.71    2.70    2.70 2007    5   12
2007.363 54233.5    8.35    8.35    8.35    5.76    6.77    6.77 2007    5   13
2007.366 54234.5   12.34   12.34   12.34    9.75   10.78   10.78 2007    5   14
2007.369 54235.5   12.18   12.18   12.18    9.59   10.64   10.64 2007    5   15
2007.371 54236.5    9.42    9.42    9.42    6.83    7.90    7.90 2007    5   16
2007.374 54237.5    2.22    2.22    2.22   -0.38    0.71    0.71 2007    5   17
2007.377 54238.5    6.28    6.28    6.28    3.68    4.76    4.76 2007    5   18
2007.379 54239.5    8.23    8.23    8.23    5.63    6.71    6.71 2007    5   19
2007.382 54240.5    6.29    6.29    6.29    3.68    4.77    4.77 2007    5   20
2007.385 54241.5    6.19    6.19    6.19    3.57    4.67    4.67 2007    5   21
2007.388 54242.5    0.32    0.32    0.32   -2.29   -1.18   -1.18 2007    5   22
2007.390 54243.5    7.41    7.41    7.41    4.79    5.90    5.90 2007    5   23
2007.393 54244.5   10.04   10.04   10.04    7.41    8.51    8.51 2007    5   24
2007.396 54245.5    3.67    3.67    3.67    1.04    2.12    2.12 2007    5   25
2007.399 54246.5    2.36    2.36    2.36   -0.27    0.80    0.80 2007    5   26
2007.401 54247.5   -2.12   -2.12   -2.12   -4.76   -3.69   -3.69 2007    5   27
2007.404 54248.5    4.09    4.09    4.09    1.46    2.52    2.52 2007    5   28
2007.407 54249.5   -0.20   -0.20   -0.20   -2.85   -1.80   -1.80 2007    5   29
2007.410 54250.5    5.76    5.76    5.76    3.11    4.15    4.15 2007    5   30
2007.412 54251.5    4.59    4.59    4.59    1.94    2.98    2.98 2007    5   31
2007.415 54252.5    8.14    8.14    8.14    5.48    6.53    6.53 2007    6    1
2007.418 54253.5    4.63    4.63    4.63    1.98    3.01    3.01 2007    6    2
2007.421 54254.5   10.36   10.36   10.36    7.70    8.71    8.71 2007    6    3
2007.423 54255.5    6.85    6.85    6.85    4.18    5.20    5.20 2007    6    4
2007.426 54256.5    8.48    8.48    8.48    5.81    6.82    6.82 2007    6    5
2007.429 54257.5    4.37    4.37    4.37    1.70    2.71    2.71 2007    6    6
2007.432 54258.5   11.85   11.85   11.85    9.17   10.17   10.17 2007    6    7
2007.434 54259.5    7.17    7.17    7.17    4.49    5.47    5.47 2007    6    8
2007.437 54260.5    6.48    6.48    6.48    3.80    4.76    4.76 2007    6    9
2007.440 54261.5    7.49    7.49    7.49    4.81    5.74    5.74 2007    6   10
2007.443 54262.5    8.66    8.66    8.66    5.97    6.89    6.89 2007    6   11
2007.445 54263.5    5.90    5.90    5.90    3.21    4.11    4.11 2007    6   12
2007.448 54264.5   11.29   11.29   11.29    8.59    9.48    9.48 2007    6   13
2007.451 54265.5   11.78   11.78   11.78    9.08    9.93    9.93 2007    6   14
2007.453 54266.5   13.81   13.81   13.81   11.10   11.93   11.93 2007    6   15
2007.456 54267.5   10.09   10.09   10.09    7.38    8.21    8.21 2007    6   16
2007.459 54268.5    9.80    9.80    9.80    7.09    7.89    7.89 2007    6   17
2007.462 54269.5   11.27   11.27   11.27    8.55    9.34    9.34 2007    6   18
2007.464 54270.5   13.76   13.76   13.76   11.04   11.81   11.81 2007    6   19
2007.467 54271.5   12.27   12.27   12.27    9.54   10.28   10.28 2007    6   20
2007.470 54272.5   15.07   15.07   15.07   12.34   13.06   13.06 2007    6   21
2007.473 54273.5   13.12   13.12   13.12   10.38   11.07   11.07 2007    6   22
2007.475 54274.5    8.98    8.98    8.98    6.24    6.92    6.92 2007    6   23
2007.478 54275.5   10.84   10.84   10.84    8.10    8.77    8.77 2007    6   24
2007.481 54276.5   17.55   17.55   17.55   14.81   15.49   15.49 2007    6   25
2007.484 54277.5   17.28   17.28   17.28   14.53   15.22   15.22 2007    6   26
2007.486 54278.5   16.98   16.98   16.98   14.23   14.91   14.91 2007    6   27
2007.489 54279.5   16.10   16.10   16.10   13.34   14.00   14.00 2007    6   28
2007.492 54280.5    9.09    9.09    9.09    6.33    6.99    6.99 2007    6   29
2007.495 54281.5    4.11    4.11    4.11    1.35    1.99    1.99 2007    6   30
2007.497 54282.5   12.51   12.51   12.51    9.75   10.36   10.36 2007    7    1
2007.500 54283.5   17.63   17.63   17.63   14.86   15.47   15.47 2007    7    2
2007.503 54284.5   22.51   22.51   22.51   19.74   20.34   20.34 2007    7    3
2007.505 54285.5   19.19   19.19   19.19   16.41   16.99   16.99 2007    7    4
2007.508 54286.5   10.34   10.34   10.34    7.56    8.13    8.13 2007    7    5
2007.511 54287.5    7.91    7.91    7.91    5.12    5.66    5.66 2007    7    6
2007.514 54288.5    8.04    8.04    8.04    5.25    5.76    5.76 2007    7    7
2007.516 54289.5   16.16   16.16   16.16   13.37   13.87   13.87 2007    7    8
2007.519 54290.5   18.84   18.84   18.84   16.05   16.53   16.53 2007    7    9
2007.522 54291.5    9.98    9.98    9.98    7.18    7.64    7.64 2007    7   10
2007.525 54292.5    9.88    9.88    9.88    7.07    7.51    7.51 2007    7   11
2007.527 54293.5    9.61    9.61    9.61    6.80    7.22    7.22 2007    7   12
2007.530 54294.5   11.07   11.07   11.07    8.26    8.68    8.68 2007    7   13
2007.533 54295.5    6.62    6.62    6.62    3.80    4.24    4.24 2007    7   14
2007.536 54296.5   14.28   14.28   14.28   11.46   11.91   11.91 2007    7   15
2007.538 54297.5   18.63   18.63   18.63   15.80   16.25   16.25 2007    7   16
2007.541 54298.5   16.32   16.32   16.32   13.49   13.95   13.95 2007    7   17
2007.544 54299.5   14.05   14.05   14.05   11.22   11.71   11.71 2007    7   18
2007.547 54300.5    7.90    7.90    7.90    5.06    5.56    5.56 2007    7   19
2007.549 54301.5   11.18   11.18   11.18    8.34    8.85    8.85 2007    7   20
2007.552 54302.5   -1.23   -1.23   -1.23   -4.07   -3.57   -3.57 2007    7   21
2007.555 54303.5   -0.33   -0.33   -0.33   -3.17   -2.67   -2.67 2007    7   22
2007.557 54304.5    2.07    2.07    2.07   -0.79   -0.31   -0.31 2007    7   23
2007.560 54305.5    7.61    7.61    7.61    4.76    5.23    5.23 2007    7   24
2007.563 54306.5    6.97    6.97    6.97    4.12    4.59    4.59 2007    7   25
2007.566 54307.5    6.58    6.58    6.58    3.72    4.20    4.20 2007    7   26
2007.568 54308.5   -5.64   -5.64   10.13    7.26    7.75    7.75 2007    7   27
2007.571 54309.5   13.68   13.68   13.68   10.81   11.30   11.30 2007    7   28
2007.574 54310.5    5.08    5.08    5.08    2.20    2.70    2.70 2007    7   29
2007.577 54311.5    0.51    0.51    0.51   -2.37   -1.87   -1.87 2007    7   30
2007.579 54312.5    7.35    7.35    7.35    4.47    4.98    4.98 2007    7   31
2007.582 54313.5    7.23    7.23    7.23    4.34    4.87    4.87 2007    8    1
2007.585 54314.5    7.08    7.08    7.08    4.19    4.71    4.71 2007    8    2
2007.588 54315.5    3.14    3.14    3.14    0.25    0.77    0.77 2007    8    3
2007.590 54316.5   -1.65   -1.65   -1.65   -4.54   -3.99   -3.99 2007    8    4
2007.593 54317.5   11.94   11.94   11.94    9.04    9.62    9.62 2007    8    5
2007.596 54318.5    2.56    2.56    2.56   -0.34    0.26    0.26 2007    8    6
2007.599 54319.5    8.48    8.48    8.48    5.57    6.20    6.20 2007    8    7
2007.601 54320.5   15.49   15.49   15.49   12.57   13.20   13.20 2007    8    8
2007.604 54321.5    4.67    4.67    4.67    1.75    2.37    2.37 2007    8    9
2007.607 54322.5   10.52   10.52   10.52    7.60    8.22    8.22 2007    8   10
2007.610 54323.5   19.47   19.47   19.47   16.55   17.20   17.20 2007    8   11
2007.612 54324.5   11.16   11.16   11.16    8.23    8.89    8.89 2007    8   12
2007.615 54325.5    8.62    8.62    8.62    5.68    6.36    6.36 2007    8   13
2007.618 54326.5    1.31    1.31    1.31   -1.63   -0.93   -0.93 2007    8   14
2007.621 54327.5    8.78    8.78    8.78    5.84    6.54    6.54 2007    8   15
2007.623 54328.5    4.78    4.78    4.78    1.83    2.55    2.55 2007    8   16
2007.626 54329.5   10.99   10.99   10.99    8.04    8.77    8.77 2007    8   17
2007.629 54330.5    6.61    6.61    6.61    3.66    4.41    4.41 2007    8   18
2007.631 54331.5    8.89    8.89    8.89    5.94    6.70    6.70 2007    8   19
2007.634 54332.5    9.96    9.96    9.96    7.00    7.78    7.78 2007    8   20
2007.637 54333.5    6.54    6.54    6.54    3.57    4.38    4.38 2007    8   21
2007.640 54334.5    1.89    1.89    1.89   -1.08   -0.27   -0.27 2007    8   22
2007.642 54335.5    9.69    9.69    9.69    6.71    7.54    7.54 2007    8   23
2007.645 54336.5   11.54   11.54   11.54    8.57    9.40    9.40 2007    8   24
2007.648 54337.5    1.48    1.48    1.48   -1.50   -0.66   -0.66 2007    8   25
2007.651 54338.5    4.98    4.98    4.98    2.00    2.86    2.86 2007    8   26
2007.653 54339.5    4.48    4.48    4.48    1.49    2.37    2.37 2007    8   27
2007.656 54340.5    4.67    4.67    4.67    1.68    2.54    2.54 2007    8   28
2007.659 54341.5    7.54    7.54    7.54    4.55    5.41    5.41 2007    8   29
2007.662 54342.5    3.48    3.48    3.48    0.48    1.32    1.32 2007    8   30
2007.664 54343.5    3.38    3.38    3.38    0.38    1.19    1.19 2007    8   31
2007.667 54344.5    3.47    3.47    3.47    0.47    1.26    1.26 2007    9    1
2007.670 54345.5    2.79    2.79    2.79   -0.22    0.56    0.56 2007    9    2
2007.673 54346.5    7.48    7.48    7.48    4.46    5.21    5.21 2007    9    3
2007.675 54347.5    6.20    6.20    6.20    3.18    3.90    3.90 2007    9    4
2007.678 54348.5    7.09    7.09    7.09    4.07    4.78    4.78 2007    9    5
2007.681 54349.5    7.99    7.99    7.99    4.96    5.68    5.68 2007    9    6
2007.684 54350.5    8.67    8.67    8.67    5.64    6.35    6.35 2007    9    7
2007.686 54351.5   11.09   11.09   11.09    8.05    8.75    8.75 2007    9    8
2007.689 54352.5    0.13    0.13    0.13   -2.91   -2.25   -2.25 2007    9    9
2007.692 54353.5    9.19    9.19    9.19    6.15    6.80    6.80 2007    9   10
2007.695 54354.5   12.73   12.73   12.73    9.68   10.33   10.33 2007    9   11
2007.697 54355.5    1.98    1.98    1.98   -1.07   -0.43   -0.43 2007    9   12
2007.700 54356.5   -1.61   -1.61   -1.61   -4.67   -4.03   -4.03 2007    9   13
2007.703 54357.5   -1.23   -1.23   -1.23   -4.29   -3.66   -3.66 2007    9   14
2007.705 54358.5    6.62    6.62    6.62    3.56    4.17    4.17 2007    9   15
2007.708 54359.5    2.13    2.13    2.13   -0.94   -0.36   -0.36 2007    9   16
2007.711 54360.5   -3.33   -3.33   -3.33   -6.40   -5.87   -5.87 2007    9   17
2007.714 54361.5    9.66    9.66    9.66    6.59    7.10    7.10 2007    9   18
2007.716 54362.5    2.79    2.79    2.79   -0.29    0.21    0.21 2007    9   19
2007.719 54363.5    5.22    5.22    5.22    2.14    2.63    2.63 2007    9   20
2007.722 54364.5    4.68    4.68    4.68    1.59    2.08    2.08 2007    9   21
2007.725 54365.5    1.95    1.95    1.95   -1.14   -0.64   -0.64 2007    9   22
2007.727 54366.5    5.55    5.55    5.55    2.45    2.96    2.96 2007    9   23
2007.730 54367.5    6.42    6.42    6.42    3.32    3.84    3.84 2007    9   24
2007.733 54368.5    1.14    1.14    1.14   -1.96   -1.41   -1.41 2007    9   25
2007.736 54369.5    6.84    6.84    6.84    3.73    4.31    4.31 2007    9   26
2007.738 54370.5    1.95    1.95    1.95   -1.16   -0.56   -0.56 2007    9   27
2007.741 54371.5    2.30    2.30    2.30   -0.82   -0.21   -0.21 2007    9   28
2007.744 54372.5    6.76    6.76    6.76    3.64    4.31    4.31 2007    9   29
2007.747 54373.5    1.60    1.60    1.60   -1.53   -0.84   -0.84 2007    9   30
2007.749 54374.5    7.34    7.34    7.34    4.21    4.91    4.91 2007   10    1
2007.752 54375.5    4.90    4.90    4.90    1.76    2.42    2.42 2007   10    2
2007.755 54376.5    8.20    8.20    8.20    5.06    5.69    5.69 2007   10    3
2007.758 54377.5    1.29    1.29    1.29   -1.85   -1.22   -1.22 2007   10    4
2007.760 54378.5   -1.61   -1.61   -1.61   -4.75   -4.14   -4.14 2007   10    5
2007.763 54379.5    0.16    0.16    0.16   -2.99   -2.39   -2.39 2007   10    6
2007.766 54380.5   -0.52   -0.52   -0.52   -3.67   -3.08   -3.08 2007   10    7
2007.768 54381.5    0.75    0.75    0.75   -2.41   -1.82   -1.82 2007   10    8
2007.771 54382.5   -5.10   -5.10   -5.10   -8.26   -7.66   -7.66 2007   10    9
2007.774 54383.5    2.08    2.08    2.08   -1.08   -0.49   -0.49 2007   10   10
2007.777 54384.5   -2.78   -2.78   -2.78   -5.95   -5.35   -5.35 2007   10   11
2007.779 54385.5   -1.17   -1.17   -1.17   -4.35   -3.74   -3.74 2007   10   12
2007.782 54386.5   -4.09   -4.09   -4.09   -7.26   -6.65   -6.65 2007   10   13
2007.785 54387.5   -1.90   -1.90   -1.90   -5.08   -4.48   -4.48 2007   10   14
2007.788 54388.5    0.92    0.92    0.92   -2.26   -1.67   -1.67 2007   10   15
2007.790 54389.5    2.37    2.37    2.37   -0.82   -0.24   -0.24 2007   10   16
2007.793 54390.5   -1.04   -1.04   -1.04   -4.24   -3.66   -3.66 2007   10   17
2007.796 54391.5    1.46    1.46    1.46   -1.73   -1.15   -1.15 2007   10   18
2007.799 54392.5    4.11    4.11    4.11    0.91    1.48    1.48 2007   10   19
2007.801 54393.5    6.76    6.76    6.76    3.55    4.12    4.12 2007   10   20
2007.804 54394.5    7.32    7.32    7.32    4.11    4.69    4.69 2007   10   21
2007.807 54395.5    2.70    2.70    2.70   -0.51    0.09    0.09 2007   10   22
2007.810 54396.5    0.36    0.36    0.36   -2.86   -2.25   -2.25 2007   10   23
2007.812 54397.5   -1.58   -1.58   -1.58   -4.80   -4.18   -4.18 2007   10   24
2007.815 54398.5   -0.02   -0.02   -0.02   -3.25   -2.61   -2.61 2007   10   25
2007.818 54399.5    0.35    0.35    0.35   -2.88   -2.26   -2.26 2007   10   26
2007.821 54400.5    3.27    3.27    3.27    0.03    0.64    0.64 2007   10   27
2007.823 54401.5    3.75    3.75    3.75    0.51    1.10    1.10 2007   10   28
2007.826 54402.5    1.89    1.89    1.89   -1.35   -0.75   -0.75 2007   10   29
2007.829 54403.5   -2.87   -2.87   -2.87   -6.12   -5.54   -5.54 2007   10   30
2007.832 54404.5   -2.13   -2.13   -2.13   -5.38   -4.83   -4.83 2007   10   31
2007.834 54405.5    5.52    5.52    5.52    2.26    2.79    2.79 2007   11    1
2007.837 54406.5   -2.27   -2.27   -2.27   -5.53   -4.97   -4.97 2007   11    2
2007.840 54407.5   -0.92   -0.92   -0.92   -4.19   -3.61   -3.61 2007   11    3
2007.842 54408.5   -4.93   -4.93   -4.93   -8.20   -7.62   -7.62 2007   11    4
2007.845 54409.5   -5.82   -5.82   -5.82   -9.09   -8.52   -8.52 2007   11    5
2007.848 54410.5    1.62    1.62    1.62   -1.66   -1.10   -1.10 2007   11    6
2007.851 54411.5   -2.39   -2.39   -2.39   -5.67   -5.15   -5.15 2007   11    7
2007.853 54412.5   -4.01   -4.01   -4.01   -7.29   -6.76   -6.76 2007   11    8
2007.856 54413.5   -2.64   -2.64   -2.64   -5.93   -5.37   -5.37 2007   11    9
2007.859 54414.5   -3.04   -3.04   -3.04   -6.33   -5.74   -5.74 2007   11   10
2007.862 54415.5   -5.34   -5.34   -5.34   -8.63   -8.02   -8.02 2007   11   11
2007.864 54416.5   -2.22   -2.22   -2.22   -5.52   -4.89   -4.89 2007   11   12
2007.867 54417.5  -10.19  -10.19  -10.19  -13.50  -12.83  -12.83 2007   11   13
2007.870 54418.5   -8.63   -8.63   -8.63  -11.94  -11.23  -11.23 2007   11   14
2007.873 54419.5   -6.71   -6.71   -6.71  -10.02   -9.29   -9.29 2007   11   15
2007.875 54420.5    0.04    0.04    0.04   -3.28   -2.56   -2.56 2007   11   16
2007.878 54421.5   -1.16   -1.16   -1.16   -4.48   -3.74   -3.74 2007   11   17
2007.881 54422.5   -4.57   -4.57   -4.57   -7.89   -7.13   -7.13 2007   11   18
2007.884 54423.5   -0.03   -0.03   -0.03   -3.36   -2.59   -2.59 2007   11   19
2007.886 54424.5   -1.20   -1.20   -1.20   -4.53   -3.80   -3.80 2007   11   20
2007.889 54425.5   -5.22   -5.22   -5.22   -8.56   -7.84   -7.84 2007   11   21
2007.892 54426.5   -1.90   -1.90   -1.90   -5.24   -4.53   -4.53 2007   11   22
2007.895 54427.5   -0.43   -0.43   -0.43   -3.77   -3.07   -3.07 2007   11   23
2007.897 54428.5   -3.05   -3.05   -3.05   -6.40   -5.72   -5.72 2007   11   24
2007.900 54429.5   -4.61   -4.61   -4.61   -7.96   -7.31   -7.31 2007   11   25
2007.903 54430.5   -2.75   -2.75   -2.75   -6.11   -5.48   -5.48 2007   11   26
2007.906 54431.5    3.09    3.09    3.09   -0.28    0.33    0.33 2007   11   27
2007.908 54432.5    1.25    1.25    1.25   -2.11   -1.54   -1.54 2007   11   28
2007.911 54433.5   -2.06   -2.06   -2.06   -5.43   -4.85   -4.85 2007   11   29
2007.914 54434.5    0.08    0.08    0.08   -3.30   -2.73   -2.73 2007   11   30
2007.916 54435.5    0.47    0.47    0.47   -2.91   -2.35   -2.35 2007   12    1
2007.919 54436.5    0.28    0.28    0.28   -3.10   -2.54   -2.54 2007   12    2
2007.922 54437.5  -11.87  -11.87  -11.87  -15.26  -14.68  -14.68 2007   12    3
2007.925 54438.5   -8.55   -8.55   -8.55  -11.94  -11.34  -11.34 2007   12    4
2007.927 54439.5   -5.72   -5.72   -5.72   -9.12   -8.49   -8.49 2007   12    5
2007.930 54440.5   -5.96   -5.96   -5.96   -9.36   -8.75   -8.75 2007   12    6
2007.933 54441.5   -7.30   -7.30   -7.30  -10.70  -10.07  -10.07 2007   12    7
2007.936 54442.5   -1.16   -1.16   -1.16   -4.57   -3.95   -3.95 2007   12    8
2007.938 54443.5   -3.02   -3.02   -3.02   -6.44   -5.80   -5.80 2007   12    9
2007.941 54444.5   -1.71   -1.71   -1.71   -5.12   -4.48   -4.48 2007   12   10
2007.944 54445.5   -0.82   -0.82   -0.82   -4.25   -3.60   -3.60 2007   12   11
2007.947 54446.5    2.78    2.78    2.78   -0.65   -0.03   -0.03 2007   12   12
2007.949 54447.5    7.84    7.84    7.84    4.41    5.04    1.13 2007   12   13
2007.952 54448.5    5.08    5.08    5.08    1.64    2.29    2.29 2007   12   14
2007.955 54449.5   -0.73   -0.73   -0.73   -4.17   -3.50   -3.50 2007   12   15
2007.958 54450.5    0.69    0.69    0.69   -2.76   -2.08   -2.08 2007   12   16
2007.960 54451.5    2.84    2.84    2.84   -0.61    0.08    0.08 2007   12   17
2007.963 54452.5    2.98    2.98    2.98   -0.47    0.22    0.22 2007   12   18
2007.966 54453.5    3.37    3.37    3.37   -0.09    0.61    0.61 2007   12   19
2007.969 54454.5    0.79    0.79    0.79   -2.67   -1.98   -1.98 2007   12   20
2007.971 54455.5    3.83    3.83    3.83    0.36    1.03    1.03 2007   12   21
2007.974 54456.5    0.50    0.50    0.50   -2.96   -2.29   -2.29 2007   12   22
2007.977 54457.5    1.35    1.35    1.35   -2.12   -1.47   -1.47 2007   12   23
2007.979 54458.5   -0.69   -0.69   -0.69   -4.17   -3.51   -3.51 2007   12   24
2007.982 54459.5   -4.01   -4.01   -4.01   -7.49   -6.82   -6.82 2007   12   25
2007.985 54460.5   -1.68   -1.68   -1.68   -5.16   -4.49   -4.49 2007   12   26
2007.988 54461.5    0.18    0.18    0.18   -3.31   -2.61   -2.61 2007   12   27
2007.990 54462.5    3.01    3.01    3.01   -0.48    0.25    0.25 2007   12   28
2007.993 54463.5   -0.31   -0.31   -0.31   -3.81   -3.07   -3.07 2007   12   29
2007.996 54464.5    5.83    5.83    5.83    2.32    3.06    3.06 2007   12   30
2007.999 54465.5   -3.91   -3.91   -3.91   -7.41   -6.64   -6.64 2007   12   31
2008.001 54466.5   -0.12   -0.12   -0.12   -3.63   -2.82   -2.82 2008    1    1
2008.004 54467.5    0.27    0.27    0.27   -3.24   -2.42   -2.42 2008    1    2
2008.007 54468.5   -1.22   -1.22   -1.22   -4.74   -3.92   -3.92 2008    1    3
2008.010 54469.5    1.01    1.01    1.01   -2.52   -1.69   -1.69 2008    1    4
2008.012 54470.5    1.97    1.97    1.97   -1.56   -0.74   -0.74 2008    1    5
2008.015 54471.5   -0.72   -0.72   -0.72   -4.25   -3.44   -3.44 2008    1    6
2008.018 54472.5   -0.92   -0.92   -0.92   -4.45   -3.60   -3.60 2008    1    7
2008.021 54473.5    1.16    1.16    1.16   -2.38   -1.48   -1.48 2008    1    8
2008.023 54474.5   -0.34   -0.34   -0.34   -3.88   -2.97   -2.97 2008    1    9
2008.026 54475.5   -1.70   -1.70   -1.70   -5.25   -4.34   -4.34 2008    1   10
2008.029 54476.5   -8.12   -8.12   -8.12  -11.68  -10.77  -10.77 2008    1   11
2008.031 54477.5   -9.98   -9.98   -9.98  -13.54  -12.63  -12.63 2008    1   12
2008.034 54478.5   -7.74   -7.74   -7.74  -11.30  -10.39  -10.39 2008    1   13
2008.037 54479.5   -5.75   -5.75   -5.75   -9.32   -8.37   -8.37 2008    1   14
2008.040 54480.5   -9.54   -9.54   -9.54  -13.11  -12.14  -12.14 2008    1   15
2008.042 54481.5  -10.32  -10.32  -10.32  -13.89  -12.89  -12.89 2008    1   16
2008.045 54482.5   -8.91   -8.91   -8.91  -12.49  -11.47  -11.47 2008    1   17
2008.048 54483.5   -8.23   -8.23   -8.23  -11.82  -10.81  -10.81 2008    1   18
2008.051 54484.5   -6.12   -6.12   -6.12   -9.70   -8.68   -8.68 2008    1   19
2008.053 54485.5   -4.85   -4.85   -4.85   -8.44   -7.44   -7.44 2008    1   20
2008.056 54486.5   -2.44   -2.44   -2.44   -6.04   -5.06   -5.06 2008    1   21
2008.059 54487.5   -5.72   -5.72   -5.72   -9.32   -8.37   -8.37 2008    1   22
2008.062 54488.5   -5.92   -5.92   -5.92   -9.52   -8.57   -8.57 2008    1   23
2008.064 54489.5   -4.72   -4.72   -4.72   -8.33   -7.40   -7.40 2008    1   24
2008.067 54490.5   -5.84   -5.84   -5.84   -9.45   -8.54   -8.54 2008    1   25
2008.070 54491.5   -6.71   -6.71   -6.71  -10.33   -9.44   -9.44 2008    1   26
2008.072 54492.5   -5.90   -5.90   -5.90   -9.53   -8.61   -8.61 2008    1   27
2008.075 54493.5   -3.69   -3.69   -3.69   -7.32   -6.42   -6.42 2008    1   28
2008.078 54494.5   -6.61   -6.61   -6.61  -10.24   -9.35   -9.35 2008    1   29
2008.081 54495.5   -5.13   -5.13   -5.13   -8.76   -7.86   -7.86 2008    1   30
2008.083 54496.5   -5.46   -5.46   -5.46   -9.10   -8.21   -8.21 2008    1   31
2008.086 54497.5   -5.80   -5.80   -5.80   -9.44   -8.56   -8.56 2008    2    1
2008.089 54498.5   -6.14   -6.14   -6.14   -9.78   -8.94   -8.94 2008    2    2
2008.092 54499.5   -6.47   -6.47   -6.47  -10.13   -9.30   -9.30 2008    2    3
2008.094 54500.5   -6.81   -6.81   -6.81  -10.47   -9.64   -9.64 2008    2    4
2008.097 54501.5  -11.72  -11.72  -11.72  -15.38  -14.58  -14.58 2008    2    5
2008.100 54502.5   -2.62   -2.62   -2.62   -6.29   -5.49   -5.49 2008    2    6
2008.102 54503.5   -6.50   -6.50   -6.50  -10.17   -9.36   -9.36 2008    2    7
2008.105 54504.5   -1.78   -1.78   -1.78   -5.45   -4.65   -4.65 2008    2    8
2008.108 54505.5   -2.14   -2.14   -2.14   -5.82   -5.01   -5.01 2008    2    9
2008.111 54506.5   -7.01   -7.01   -7.01  -10.69   -9.84   -9.84 2008    2   10
2008.113 54507.5   -4.93   -4.93   -4.93   -8.62   -7.76   -7.76 2008    2   11
2008.116 54508.5   -6.80   -6.80   -6.80  -10.49   -9.62   -9.62 2008    2   12
2008.119 54509.5   -4.46   -4.46   -4.46   -8.15   -7.29   -7.29 2008    2   13
2008.122 54510.5   -8.02   -8.02   -8.02  -11.72  -10.83  -10.83 2008    2   14
2008.124 54511.5   -6.09   -6.09   -6.09   -9.80   -8.90   -8.90 2008    2   15
2008.127 54512.5   -9.60   -9.60   -9.60  -13.31  -12.39  -12.39 2008    2   16
2008.130 54513.5   -6.22   -6.22   -6.22   -9.93   -9.01   -9.01 2008    2   17
2008.133 54514.5   -5.60   -5.60   -5.60   -9.32   -8.40   -8.40 2008    2   18
2008.135 54515.5   -4.82   -4.82   -4.82   -8.55   -7.63   -7.63 2008    2   19
2008.138 54516.5   -5.23   -5.23   -5.23   -8.96   -8.03   -8.03 2008    2   20
2008.141 54517.5   -6.01   -6.01   -6.01   -9.74   -8.82   -8.82 2008    2   21
2008.143 54518.5   -5.72   -5.72   -5.72   -9.45   -8.52   -8.52 2008    2   22
2008.146 54519.5   -4.16   -4.16   -4.16   -7.90   -6.96   -6.96 2008    2   23
2008.149 54520.5   -5.21   -5.21   -5.21   -8.96   -8.04   -8.04 2008    2   24
2008.152 54521.5   -5.56   -5.56   -5.56   -9.31   -8.41   -8.41 2008    2   25
2008.154 54522.5   -0.11   -0.11   -0.11   -3.86   -2.98   -2.98 2008    2   26
2008.157 54523.5   -1.82   -1.82   -1.82   -5.58   -4.69   -4.69 2008    2   27
2008.160 54524.5    4.37    4.37    4.37    0.61    1.51    1.51 2008    2   28
2008.163 54525.5    3.69    3.69    3.69   -0.08    0.83    0.83 2008    2   29
2008.165 54526.5   -0.04   -0.04   -0.04   -3.81   -2.90   -2.90 2008    3    1
2008.168 54527.5   -2.30   -2.30   -2.30   -6.08   -5.17   -5.17 2008    3    2
2008.171 54528.5   -1.52   -1.52   -1.52   -5.30   -4.42   -4.42 2008    3    3
2008.173 54529.5    1.65    1.65    1.65   -2.14   -1.25   -1.25 2008    3    4
2008.176 54530.5   -0.92   -0.92   -0.92   -4.71   -3.84   -3.84 2008    3    5
2008.179 54531.5   -4.11   -4.11   -4.11   -7.90   -7.04   -7.04 2008    3    6
2008.182 54532.5   -0.04   -0.04   -0.04   -3.84   -2.97   -2.97 2008    3    7
2008.184 54533.5   -1.11   -1.11   -1.11   -4.92   -4.06   -4.06 2008    3    8
2008.187 54534.5    4.19    4.19    4.19    0.38    1.26    1.26 2008    3    9
2008.190 54535.5    2.61    2.61    2.61   -1.20   -0.31   -0.31 2008    3   10
2008.193 54536.5    2.48    2.48    2.48   -1.34   -0.41   -0.41 2008    3   11
2008.195 54537.5    1.50    1.50    1.50   -2.31   -1.38   -1.38 2008    3   12
2008.198 54538.5    0.29    0.29    0.29   -3.53   -2.61   -2.61 2008    3   13
2008.201 54539.5    1.58    1.58    1.58   -2.25   -1.35   -1.35 2008    3   14
2008.203 54540.5    1.77    1.77    1.77   -2.06   -1.18   -1.18 2008    3   15
2008.206 54541.5    6.16    6.16    6.16    2.32    3.22    3.22 2008    3   16
2008.209 54542.5    7.19    7.19    7.19    3.35    4.21    4.21 2008    3   17
2008.212 54543.5   -0.21   -0.21   -0.21   -4.06   -3.22   -3.22 2008    3   18
2008.214 54544.5    0.18    0.18    0.18   -3.67   -2.83   -2.83 2008    3   19
2008.217 54545.5   -1.69   -1.69   -1.69   -5.55   -4.73   -4.73 2008    3   20
2008.220 54546.5   -0.39   -0.39   -0.39   -4.25   -3.44   -3.44 2008    3   21
2008.223 54547.5   -2.22   -2.22   -2.22   -6.08   -5.28   -5.28 2008    3   22
2008.225 54548.5   -1.53   -1.53   -1.53   -5.39   -4.59   -4.59 2008    3   23
2008.228 54549.5   -1.72   -1.72   -1.72   -5.59   -4.80   -4.80 2008    3   24
2008.231 54550.5   -1.04   -1.04   -1.04   -4.92   -4.11   -4.11 2008    3   25
2008.234 54551.5    1.65    1.65    1.65   -2.24   -1.40   -1.40 2008    3   26
2008.236 54552.5   -0.68   -0.68   -0.68   -4.57   -3.71   -3.71 2008    3   27
2008.239 54553.5  -15.57  -15.57   -2.99   -6.88   -6.02   -6.02 2008    3   28
2008.242 54554.5   -5.31   -5.31   -5.31   -9.20   -8.33   -8.33 2008    3   29
2008.245 54555.5    2.10    2.10    2.10   -1.80   -0.90   -0.90 2008    3   30
2008.247 54556.5    4.05    4.05    4.05    0.14    1.05    1.05 2008    3   31
2008.250 54557.5    8.18    8.18    8.18    4.27    5.20    5.20 2008    4    1
2008.253 54558.5   11.65   11.65   11.65    7.74    8.68    8.68 2008    4    2
2008.255 54559.5    3.77    3.77    3.77   -0.15    0.81    0.81 2008    4    3
2008.258 54560.5    5.18    5.18    5.18    1.26    2.22    2.22 2008    4    4
2008.261 54561.5    5.40    5.40    5.40    1.48    2.45    2.45 2008    4    5
2008.264 54562.5    2.19    2.19    2.19   -1.74   -0.75   -0.75 2008    4    6
2008.266 54563.5    6.06    6.06    6.06    2.12    3.12    3.12 2008    4    7
2008.269 54564.5   -3.62   -3.62   -3.62   -7.55   -6.55   -6.55 2008    4    8
2008.272 54565.5    2.96    2.96    2.96   -0.99    0.00    0.00 2008    4    9
2008.275 54566.5   -2.20   -2.20   -2.20   -6.15   -5.18   -5.18 2008    4   10
2008.277 54567.5    2.14    2.14    2.14   -1.81   -0.85   -0.85 2008    4   11
2008.280 54568.5    3.53    3.53    3.53   -0.43    0.52    0.52 2008    4   12
2008.283 54569.5    7.79    7.79    7.79    3.83    4.75    4.75 2008    4   13
2008.286 54570.5    1.98    1.98    1.98   -1.99   -1.11   -1.11 2008    4   14
2008.288 54571.5    5.39    5.39    5.39    1.41    2.30    2.30 2008    4   15
2008.291 54572.5    4.39    4.39    4.39    0.42    1.30    1.30 2008    4   16
2008.294 54573.5    4.80    4.80    4.80    0.82    1.70    1.70 2008    4   17
2008.297 54574.5   11.07   11.07   11.07    7.09    7.96    7.96 2008    4   18
2008.299 54575.5    6.70    6.70    6.70    2.71    3.59    3.59 2008    4   19
2008.302 54576.5  -14.61  -14.61    0.54   -3.45   -2.57   -2.57 2008    4   20
2008.305 54577.5   -5.61   -5.61   -5.61   -9.61   -8.72   -8.72 2008    4   21
2008.307 54578.5   -1.52   -1.52   -1.52   -5.52   -4.63   -4.63 2008    4   22
2008.310 54579.5   -0.31   -0.31   -0.31   -4.32   -3.43   -3.43 2008    4   23
2008.313 54580.5    0.35    0.35    0.35   -3.66   -2.80   -2.80 2008    4   24
2008.316 54581.5    7.98    7.98    7.98    3.96    4.82    4.82 2008    4   25
2008.318 54582.5    8.17    8.17    8.17    4.15    5.00    5.00 2008    4   26
2008.321 54583.5    8.48    8.48    8.48    4.45    5.30    5.30 2008    4   27
2008.324 54584.5    2.95    2.95    2.95   -1.08   -0.23   -0.23 2008    4   28
2008.327 54585.5    5.55    5.55    5.55    1.51    2.35    2.35 2008    4   29
2008.329 54586.5   15.08   15.08   15.08   11.04   11.87   11.87 2008    4   30
2008.332 54587.5   15.18   15.18   15.18   11.13   11.96   11.96 2008    5    1
2008.335 54588.5    5.16    5.16    5.16    1.11    1.94    1.94 2008    5    2
2008.337 54589.5   -0.31   -0.31   -0.31   -4.36   -3.55   -3.55 2008    5    3
2008.340 54590.5    9.43    9.43    9.43    5.37    6.17    6.17 2008    5    4
2008.343 54591.5   13.48   13.48   13.48    9.42   10.20   10.20 2008    5    5
2008.346 54592.5   16.04   16.04   16.04   11.97   12.73   12.73 2008    5    6
2008.348 54593.5   19.83   19.83   19.83   15.76   16.52    4.19 2008    5    7
2008.351 54594.5   -1.02   -1.02   -1.02   -5.09   -4.35   -4.35 2008    5    8
2008.354 54595.5   -0.63   -0.63   -0.63   -4.71   -3.97   -3.97 2008    5    9
2008.357 54596.5   -0.82   -0.82   -0.82   -4.91   -4.16   -4.16 2008    5   10
2008.359 54597.5   -1.97   -1.97   -1.97   -6.06   -5.31   -5.31 2008    5   11
2008.362 54598.5    2.21    2.21    2.21   -1.88   -1.13   -1.13 2008    5   12
2008.365 54599.5    1.57    1.57    1.57   -2.53   -1.78   -1.78 2008    5   13
2008.367 54600.5   -1.16   -1.16   -1.16   -5.26   -4.52   -4.52 2008    5   14
2008.370 54601.5    1.16    1.16    1.16   -2.95   -2.23   -2.23 2008    5   15
2008.373 54602.5    8.03    8.03    8.03    3.92    4.63    4.63 2008    5   16
2008.376 54603.5   -1.42   -1.42   -1.42   -5.54   -4.84   -4.84 2008    5   17
2008.378 54604.5    2.18    2.18    2.18   -1.94   -1.24   -1.24 2008    5   18
2008.381 54605.5    8.14    8.14    8.14    4.01    4.71    4.71 2008    5   19
2008.384 54606.5   18.26   18.26   18.26   14.13   14.84   14.84 2008    5   20
2008.387 54607.5    7.70    7.70    7.70    3.56    4.28    4.28 2008    5   21
2008.389 54608.5   12.34   12.34   12.34    8.20    8.91    8.91 2008    5   22
2008.392 54609.5   14.97   14.97   14.97   10.82   11.54   11.54 2008    5   23
2008.395 54610.5   12.58   12.58   12.58    8.44    9.17    9.17 2008    5   24
2008.398 54611.5   12.91   12.91   12.91    8.76    9.50    9.50 2008    5   25
2008.400 54612.5    7.58    7.58    7.58    3.42    4.17    4.17 2008    5   26
2008.403 54613.5   16.68   16.68   16.68   12.51   13.28   13.28 2008    5   27
2008.406 54614.5   11.45   11.45   11.45    7.28    8.07    8.07 2008    5   28
2008.408 54615.5    5.03    5.03    5.03    0.86    1.66    1.66 2008    5   29
2008.411 54616.5   12.04   12.04   12.04    7.86    8.68    8.68 2008    5   30
2008.414 54617.5   12.88   12.88   12.88    8.69    9.53    9.53 2008    5   31
2008.417 54618.5    3.28    3.28    3.28   -0.91   -0.07   -0.07 2008    6    1
2008.419 54619.5    6.93    6.93    6.93    2.74    3.57    3.57 2008    6    2
2008.422 54620.5   -0.92   -0.92   -0.92   -5.11   -4.31   -4.31 2008    6    3
2008.425 54621.5    0.84    0.84    0.84   -3.36   -2.57   -2.57 2008    6    4
2008.428 54622.5   10.50   10.50   10.50    6.30    7.12    7.12 2008    6    5
2008.430 54623.5    8.78    8.78    8.78    4.58    5.40    5.40 2008    6    6
2008.433 54624.5    9.37    9.37    9.37    5.16    5.97    5.97 2008    6    7
2008.436 54625.5    7.08    7.08    7.08    2.86    3.69    3.69 2008    6    8
2008.438 54626.5    3.87    3.87    3.87   -0.35    0.46    0.46 2008    6    9
2008.441 54627.5    9.71    9.71    9.71    5.48    6.31    6.31 2008    6   10
2008.444 54628.5   17.32   17.32   17.32   13.09   13.93   13.93 2008    6   11
2008.447 54629.5    9.58    9.58    9.58    5.34    6.18    6.18 2008    6   12
2008.449 54630.5    5.30    5.30    5.30    1.05    1.92    1.92 2008    6   13
2008.452 54631.5    8.60    8.60    8.60    4.36    5.26    5.26 2008    6   14
2008.455 54632.5   10.06   10.06   10.06    5.80    6.71    6.71 2008    6   15
2008.458 54633.5    5.80    5.80    5.80    1.55    2.44    2.44 2008    6   16
2008.460 54634.5   12.62   12.62   12.62    8.36    9.26    9.26 2008    6   17
2008.463 54635.5   10.69   10.69   10.69    6.43    7.35    7.35 2008    6   18
2008.466 54636.5   16.64   16.64   16.64   12.37   13.30   13.30 2008    6   19
2008.469 54637.5   24.23   24.23   24.23   19.96   20.90   12.34 2008    6   20
2008.471 54638.5   14.68   14.68   14.68   10.40   11.38   11.38 2008    6   21
2008.474 54639.5   19.04   19.04   19.04   14.76   15.78   15.78 2008    6   22
2008.477 54640.5   10.48   10.48   10.48    6.19    7.23    7.23 2008    6   23
2008.479 54641.5   13.50   13.50   13.50    9.21   10.24   10.24 2008    6   24
2008.482 54642.5   16.31   16.31   16.31   12.02   13.07   13.07 2008    6   25
2008.485 54643.5    9.31    9.31    9.31    5.00    6.06    6.06 2008    6   26
2008.488 54644.5    5.61    5.61    5.61    1.31    2.38    2.38 2008    6   27
2008.490 54645.5    8.35    8.35    8.35    4.03    5.13    5.13 2008    6   28
2008.493 54646.5    7.28    7.28    7.28    2.96    4.07    4.07 2008    6   29
2008.496 54647.5    0.13    0.13    0.13   -4.19   -3.05   -3.05 2008    6   30
2008.499 54648.5    7.82    7.82    7.82    3.49    4.63    4.63 2008    7    1
2008.501 54649.5   15.95   15.95   15.95   11.62   12.78   12.78 2008    7    2
2008.504 54650.5   25.00   25.00   25.00   20.67   21.85    9.11 2008    7    3
2008.507 54651.5    8.58    8.58    8.58    4.24    5.45    5.45 2008    7    4
2008.510 54652.5   12.36   12.36   12.36    8.02    9.25    9.25 2008    7    5
2008.512 54653.5    9.32    9.32    9.32    4.97    6.24    6.24 2008    7    6
2008.515 54654.5   -3.20   -3.20    5.97    1.61    2.91    2.91 2008    7    7
2008.518 54655.5    2.62    2.62    2.62   -1.74   -0.41   -0.41 2008    7    8
2008.521 54656.5    8.43    8.43    8.43    4.07    5.44    5.44 2008    7    9
2008.523 54657.5   11.76   11.76   11.76    7.40    8.80    8.80 2008    7   10
2008.526 54658.5   10.50   10.50   10.50    6.13    7.55    7.55 2008    7   11
2008.529 54659.5   13.48   13.48   13.48    9.10   10.51   10.51 2008    7   12
2008.531 54660.5    7.28    7.28    7.28    2.90    4.31    4.31 2008    7   13
2008.534 54661.5    2.22    2.22    2.22   -2.17   -0.76   -0.76 2008    7   14
2008.537 54662.5   13.02   13.02   13.02    8.63   10.05   10.05 2008    7   15
2008.540 54663.5    5.86    5.86    5.86    1.46    2.89    2.89 2008    7   16
2008.542 54664.5    9.36    9.36    9.36    4.96    6.37    6.37 2008    7   17
2008.545 54665.5   13.04   13.04   13.04    8.64   10.04   10.04 2008    7   18
2008.548 54666.5    4.41    4.41    4.41    0.00    1.40    1.40 2008    7   19
2008.551 54667.5   11.08   11.08   11.08    6.66    8.05    8.05 2008    7   20
2008.553 54668.5   10.69   10.69   10.69    6.27    7.65    7.65 2008    7   21
2008.556 54669.5    9.39    9.39    9.39    4.96    6.36    6.36 2008    7   22
2008.559 54670.5   10.94   10.94   10.94    6.52    7.90    7.90 2008    7   23
2008.562 54671.5   16.59   16.59   16.59   12.16   13.54   13.54 2008    7   24
2008.564 54672.5   17.38   17.38   17.38   12.94   14.35   14.35 2008    7   25
2008.567 54673.5   17.51   17.51   17.51   13.07   14.47   14.47 2008    7   26
2008.570 54674.5    6.70    6.70    6.70    2.26    3.65    3.65 2008    7   27
2008.572 54675.5   12.71   12.71   12.71    8.26    9.64    9.64 2008    7   28
2008.575 54676.5    4.43    4.43    4.43   -0.03    1.35    1.35 2008    7   29
2008.578 54677.5    6.47    6.47    6.47    2.01    3.37    3.37 2008    7   30
2008.581 54678.5   10.89   10.89   10.89    6.42    7.79    7.79 2008    7   31
2008.583 54679.5   11.75   11.75   11.75    7.28    8.64    8.64 2008    8    1
2008.586 54680.5   17.25   17.25   17.25   12.77   14.12   14.12 2008    8    2
2008.589 54681.5    9.46    9.46    9.46    4.98    6.33    6.33 2008    8    3
2008.592 54682.5   13.84   13.84   13.84    9.36   10.69   10.69 2008    8    4
2008.594 54683.5   12.33   12.33   12.33    7.84    9.16    9.16 2008    8    5
2008.597 54684.5   11.00   11.00   11.00    6.51    7.81    7.81 2008    8    6
2008.600 54685.5   10.93   10.93   10.93    6.43    7.74    7.74 2008    8    7
2008.602 54686.5   10.88   10.88   10.88    6.38    7.69    7.69 2008    8    8
2008.605 54687.5    8.51    8.51    8.51    4.00    5.33    5.33 2008    8    9
2008.608 54688.5    6.88    6.88    6.88    2.37    3.70    3.70 2008    8   10
2008.611 54689.5    7.95    7.95    7.95    3.43    4.75    4.75 2008    8   11
2008.613 54690.5    8.48    8.48    8.48    3.95    5.25    5.25 2008    8   12
2008.616 54691.5    2.74    2.74    2.74   -1.78   -0.52   -0.52 2008    8   13
2008.619 54692.5   -0.08   -0.08   -0.08   -4.61   -3.35   -3.35 2008    8   14
2008.622 54693.5    4.08    4.08    4.08   -0.46    0.78    0.78 2008    8   15
2008.624 54694.5    4.84    4.84    4.84    0.30    1.53    1.53 2008    8   16
2008.627 54695.5    7.94    7.94    7.94    3.39    4.62    4.62 2008    8   17
2008.630 54696.5   11.05   11.05   11.05    6.49    7.71    7.71 2008    8   18
2008.633 54697.5   13.85   13.85   13.85    9.29   10.51   10.51 2008    8   19
2008.635 54698.5    4.22    4.22    4.22   -0.35    0.87    0.87 2008    8   20
2008.638 54699.5    4.34    4.34    4.34   -0.23    0.97    0.97 2008    8   21
2008.641 54700.5    8.03    8.03    8.03    3.46    4.62    4.62 2008    8   22
2008.643 54701.5   10.63   10.63   10.63    6.06    7.18    7.18 2008    8   23
2008.646 54702.5   13.22   13.22   13.22    8.64    9.74    9.74 2008    8   24
2008.649 54703.5   13.28   13.28   13.28    8.69    9.78    9.78 2008    8   25
2008.652 54704.5   13.16   13.16   13.16    8.57    9.63    9.63 2008    8   26
2008.654 54705.5    3.04    3.04    3.04   -1.56   -0.48   -0.48 2008    8   27
2008.657 54706.5    2.98    2.98    2.98   -1.62   -0.54   -0.54 2008    8   28
2008.660 54707.5    3.08    3.08    3.08   -1.53   -0.42   -0.42 2008    8   29
2008.663 54708.5    3.18    3.18    3.18   -1.43   -0.30   -0.30 2008    8   30
2008.665 54709.5    7.92    7.92    7.92    3.31    4.46    4.46 2008    8   31
2008.668 54710.5   13.17   13.17   13.17    8.55    9.72    9.72 2008    9    1
2008.671 54711.5    8.40    8.40    8.40    3.77    4.93    4.93 2008    9    2
2008.673 54712.5   13.57   13.57   13.57    8.94   10.10   10.10 2008    9    3
2008.676 54713.5   20.67   20.67   10.58    5.95    7.12    7.12 2008    9    4
2008.679 54714.5    7.60    7.60    7.60    2.96    4.12    4.12 2008    9    5
2008.682 54715.5   12.83   12.83   12.83    8.19    9.34    9.34 2008    9    6
2008.684 54716.5    5.24    5.24    5.24    0.59    1.73    1.73 2008    9    7
2008.687 54717.5    0.10    0.10    0.10   -4.56   -3.41   -3.41 2008    9    8
2008.690 54718.5   -5.02   -5.02   -5.02   -9.68   -8.53   -8.53 2008    9    9
2008.693 54719.5   11.68   11.68   11.68    7.01    8.17    8.17 2008    9   10
2008.695 54720.5   10.02   10.02   10.02    5.35    6.50    6.50 2008    9   11
2008.698 54721.5    8.30    8.30    8.30    3.62    4.78    4.78 2008    9   12
2008.701 54722.5    4.77    4.77    4.77    0.10    1.24    1.24 2008    9   13
2008.703 54723.5    3.70    3.70    3.70   -0.98    0.14    0.14 2008    9   14
2008.706 54724.5   14.24   14.24   14.24    9.55   10.65   10.65 2008    9   15
2008.709 54725.5    9.59    9.59    9.59    4.90    5.99    5.99 2008    9   16
2008.712 54726.5   10.59   10.59   10.59    5.90    6.98    6.98 2008    9   17
2008.714 54727.5   11.18   11.18   11.18    6.48    7.56    7.56 2008    9   18
2008.717 54728.5   10.97   10.97   10.97    6.26    7.31    7.31 2008    9   19
2008.720 54729.5   10.04   10.04   10.04    5.33    6.36    6.36 2008    9   20
2008.723 54730.5    0.66    0.66    0.66   -4.06   -3.04   -3.04 2008    9   21
2008.725 54731.5   10.34   10.34   10.34    5.62    6.65    6.65 2008    9   22
2008.728 54732.5    4.40    4.40    4.40   -0.33    0.70    0.70 2008    9   23
2008.731 54733.5   -6.29   -6.29   -6.29  -11.02  -10.00  -10.00 2008    9   24
2008.734 54734.5    0.29    0.29    0.29   -4.44   -3.41   -3.41 2008    9   25
2008.736 54735.5    1.56    1.56    1.56   -3.18   -2.15   -2.15 2008    9   26
2008.739 54736.5   -1.94   -1.94   -1.94   -6.69   -5.65   -5.65 2008    9   27
2008.742 54737.5   -0.63   -0.63   -0.63   -5.38   -4.36   -4.36 2008    9   28
2008.745 54738.5   -0.30   -0.30   -0.30   -5.06   -4.02   -4.02 2008    9   29
2008.747 54739.5    1.25    1.25    1.25   -3.51   -2.44   -2.44 2008    9   30
2008.750 54740.5    2.88    2.88    2.88   -1.89   -0.81   -0.81 2008   10    1
2008.753 54741.5    3.27    3.27    3.27   -1.51   -0.41   -0.41 2008   10    2
2008.755 54742.5    2.49    2.49    2.49   -2.29   -1.19   -1.19 2008   10    3
2008.758 54743.5   -4.14   -4.14   -4.14   -8.92   -7.81   -7.81 2008   10    4
2008.761 54744.5   -5.84   -5.84   -5.84  -10.63   -9.52   -9.52 2008   10    5
2008.764 54745.5    1.75    1.75    1.75   -3.04   -1.95   -1.95 2008   10    6
2008.766 54746.5   -3.51   -3.51   -3.51   -8.31   -7.20   -7.20 2008   10    7
2008.769 54747.5    5.84    5.84    5.84    1.04    2.13    2.13 2008   10    8
2008.772 54748.5    7.86    7.86    7.86    3.05    4.16    4.16 2008   10    9
2008.775 54749.5    2.89    2.89    2.89   -1.92   -0.83   -0.83 2008   10   10
2008.777 54750.5    4.86    4.86    4.86    0.05    1.13    1.13 2008   10   11
2008.780 54751.5    7.68    7.68    7.68    2.86    3.93    3.93 2008   10   12
2008.783 54752.5   13.56   13.56   13.56    8.74    9.80    9.80 2008   10   13
2008.786 54753.5    0.98    0.98    0.98   -3.85   -2.79   -2.79 2008   10   14
2008.788 54754.5    4.29    4.29    4.29   -0.55    0.52    0.52 2008   10   15
2008.791 54755.5    4.28    4.28    4.28   -0.56    0.50    0.50 2008   10   16
2008.794 54756.5    4.37    4.37    4.37   -0.48    0.57    0.57 2008   10   17
2008.797 54757.5    1.91    1.91    1.91   -2.94   -1.89   -1.89 2008   10   18
2008.799 54758.5    7.36    7.36    7.36    2.50    3.56    3.56 2008   10   19
2008.802 54759.5    9.38    9.38    9.38    4.52    5.58    5.58 2008   10   20
2008.805 54760.5    1.25    1.25    1.25   -3.61   -2.57   -2.57 2008   10   21
2008.807 54761.5    4.08    4.08    4.08   -0.79    0.25    0.25 2008   10   22
2008.810 54762.5    7.56    7.56    7.56    2.69    3.74    3.74 2008   10   23
2008.813 54763.5    6.65    6.65    6.65    1.77    2.83    2.83 2008   10   24
2008.816 54764.5    2.99    2.99    2.99   -1.89   -0.80   -0.80 2008   10   25
2008.818 54765.5    5.14    5.14    5.14    0.25    1.35    1.35 2008   10   26
2008.821 54766.5    5.18    5.18    5.18    0.28    1.40    1.40 2008   10   27
2008.824 54767.5    8.77    8.77    8.77    3.87    4.98    4.98 2008   10   28
2008.827 54768.5   -0.90   -0.90   -0.90   -5.81   -4.69   -4.69 2008   10   29
2008.829 54769.5    3.68    3.68    3.68   -1.23   -0.08   -0.08 2008   10   30
2008.832 54770.5    4.95    4.95    4.95    0.03    1.23    1.23 2008   10   31
2008.835 54771.5    5.18    5.18    5.18    0.26    1.45    1.45 2008   11    1
2008.837 54772.5    7.22    7.22    7.22    2.29    3.46    3.46 2008   11    2
2008.840 54773.5    1.86    1.86    1.86   -3.07   -1.87   -1.87 2008   11    3
2008.843 54774.5    5.38    5.38    5.38    0.44    1.66    1.66 2008   11    4
2008.846 54775.5    1.92    1.92    1.92   -3.02   -1.78   -1.78 2008   11    5
2008.848 54776.5    4.35    4.35    4.35   -0.59    0.68    0.68 2008   11    6
2008.851 54777.5   -0.34   -0.34   -0.34   -5.29   -4.05   -4.05 2008   11    7
2008.854 54778.5   -2.85   -2.85   -2.85   -7.80   -6.59   -6.59 2008   11    8
2008.857 54779.5   -3.92   -3.92   -3.92   -8.88   -7.70   -7.70 2008   11    9
2008.859 54780.5   -2.89   -2.89   -2.89   -7.86   -6.71   -6.71 2008   11   10
2008.862 54781.5   -0.56   -0.56   -0.56   -5.53   -4.39   -4.39 2008   11   11
2008.865 54782.5   -4.50   -4.50   -4.50   -9.48   -8.36   -8.36 2008   11   12
2008.867 54783.5    0.75    0.75    0.75   -4.22   -3.14   -3.14 2008   11   13
2008.870 54784.5    0.58    0.58    0.58   -4.40   -3.33   -3.33 2008   11   14
2008.873 54785.5    0.96    0.96    0.96   -4.03   -2.97   -2.97 2008   11   15
2008.876 54786.5    2.25    2.25    2.25   -2.74   -1.72   -1.72 2008   11   16
2008.878 54787.5   -3.72   -3.72   -3.72   -8.72   -7.75   -7.75 2008   11   17
2008.881 54788.5   -2.75   -2.75   -2.75   -7.76   -6.80   -6.80 2008   11   18
2008.884 54789.5   -1.79   -1.79   -1.79   -6.80   -5.81   -5.81 2008   11   19
2008.887 54790.5   -0.83   -0.83   -0.83   -5.84   -4.83   -4.83 2008   11   20
2008.889 54791.5   -2.50   -2.50   -2.50   -7.52   -6.51   -6.51 2008   11   21
2008.892 54792.5   -5.91   -5.91   -5.91  -10.93   -9.91   -9.91 2008   11   22
2008.895 54793.5   -2.77   -2.77   -2.77   -7.80   -6.77   -6.77 2008   11   23
2008.898 54794.5   -6.94   -6.94   -6.94  -11.97  -10.93  -10.93 2008   11   24
2008.900 54795.5   -4.22   -4.22   -4.22   -9.26   -8.22   -8.22 2008   11   25
2008.903 54796.5   -3.50   -3.50   -3.50   -8.54   -7.48   -7.48 2008   11   26
2008.906 54797.5   -2.44   -2.44   -2.44   -7.49   -6.42   -6.42 2008   11   27
2008.908 54798.5   -5.71   -5.71   -5.71  -10.77   -9.72   -9.72 2008   11   28
2008.911 54799.5   -4.25   -4.25   -4.25   -9.31   -8.27   -8.27 2008   11   29
2008.914 54800.5    0.76    0.76    0.76   -4.31   -3.28   -3.28 2008   11   30
2008.917 54801.5    2.43    2.43    2.43   -2.64   -1.65   -1.65 2008   12    1
2008.919 54802.5    0.90    0.90    0.90   -4.18   -3.19   -3.19 2008   12    2
2008.922 54803.5   -4.45   -4.45   -4.45   -9.53   -8.60   -8.60 2008   12    3
2008.925 54804.5  -12.73  -12.73  -12.73  -17.81  -16.92  -16.92 2008   12    4
2008.928 54805.5   -6.77   -6.77   -6.77  -11.86  -10.99  -10.99 2008   12    5
2008.930 54806.5   -2.32   -2.32   -2.32   -7.41   -6.54   -6.54 2008   12    6
2008.933 54807.5   -1.93   -1.93   -1.93   -7.03   -6.16   -6.16 2008   12    7
2008.936 54808.5    1.28    1.28    1.28   -3.83   -2.96   -2.96 2008   12    8
2008.938 54809.5   -3.91   -3.91   -3.91   -9.02   -8.19   -8.19 2008   12    9
2008.941 54810.5   -3.23   -3.23   -3.23   -8.35   -7.53   -7.53 2008   12   10
2008.944 54811.5    5.61    5.61    5.61    0.49    1.29    1.29 2008   12   11
2008.947 54812.5   -2.86   -2.86   -2.86   -7.99   -7.19   -7.19 2008   12   12
2008.949 54813.5   -4.61   -4.61   -4.61   -9.75   -8.96   -8.96 2008   12   13
2008.952 54814.5    1.43    1.43    1.43   -3.70   -2.93   -2.93 2008   12   14
2008.955 54815.5    5.02    5.02    5.02   -0.12    0.64    0.64 2008   12   15
2008.958 54816.5   -0.12   -0.12   -0.12   -5.27   -4.52   -4.52 2008   12   16
2008.960 54817.5   -0.61   -0.61   -0.61   -5.76   -5.02   -5.02 2008   12   17
2008.963 54818.5    2.35    2.35    2.35   -2.80   -2.08   -2.08 2008   12   18
2008.966 54819.5   -4.24   -4.24   -4.24   -9.41   -8.66   -8.66 2008   12   19
2008.969 54820.5   -7.16   -7.16   -7.16  -12.33  -11.57  -11.57 2008   12   20
2008.971 54821.5  -11.42  -11.42  -11.42  -16.59  -15.82  -15.82 2008   12   21
2008.974 54822.5   -2.86   -2.86   -2.86   -8.03   -7.26   -7.26 2008   12   22
2008.977 54823.5    1.33    1.33    1.33   -3.85   -3.11   -3.11 2008   12   23
2008.979 54824.5   -9.07   -9.07   -9.07  -14.26  -13.52  -13.52 2008   12   24
2008.982 54825.5   -3.11   -3.11   -3.11   -8.31   -7.58   -7.58 2008   12   25
2008.985 54826.5   -2.71   -2.71   -2.71   -7.91   -7.22   -7.22 2008   12   26
2008.988 54827.5   -2.33   -2.33   -2.33   -7.53   -6.85   -6.85 2008   12   27
2008.990 54828.5   -2.96   -2.96   -2.96   -8.17   -7.52   -7.52 2008   12   28
2008.993 54829.5   -4.32   -4.32   -4.32   -9.53   -8.90   -8.90 2008   12   29
2008.996 54830.5   -2.08   -2.08   -2.08   -7.30   -6.71   -6.71 2008   12   30
2008.999 54831.5   -5.27   -5.27   -5.27  -10.49   -9.93   -9.93 2008   12   31
2009.001 54832.5   -8.42   -8.42   -8.42  -13.65  -13.07  -13.07 2009    1    1
2009.004 54833.5   -8.23   -8.23   -8.23  -13.46  -12.86  -12.86 2009    1    2
2009.007 54834.5   -8.33   -8.33   -8.33  -13.57  -13.00  -13.00 2009    1    3
2009.010 54835.5   -9.99   -9.99   -9.99  -15.23  -14.67  -14.67 2009    1    4
2009.012 54836.5   -6.32   -6.32   -6.32  -11.57  -10.99  -10.99 2009    1    5
2009.015 54837.5  -12.19  -12.19  -12.19  -17.44  -16.87  -16.87 2009    1    6
2009.018 54838.5  -11.23  -11.23  -11.23  -16.48  -15.93  -15.93 2009    1    7
2009.021 54839.5  -10.09  -10.09  -10.09  -15.35  -14.82  -14.82 2009    1    8
2009.023 54840.5   -7.95   -7.95   -7.95  -13.22  -12.70  -12.70 2009    1    9
2009.026 54841.5   -2.36   -2.36   -2.36   -7.63   -7.11   -7.11 2009    1   10
2009.029 54842.5   -6.56   -6.56   -6.56  -11.84  -11.32  -11.32 2009    1   11
2009.031 54843.5   -7.72   -7.72   -7.72  -13.01  -12.47  -12.47 2009    1   12
2009.034 54844.5   -8.13   -8.13   -8.13  -13.42  -12.93  -12.93 2009    1   13
2009.037 54845.5   -8.62   -8.62   -8.62  -13.92  -13.43  -13.43 2009    1   14
2009.040 54846.5   -2.34   -2.34   -2.34   -7.63   -7.18   -7.18 2009    1   15
2009.042 54847.5   -3.02   -3.02   -3.02   -8.32   -7.86   -7.86 2009    1   16
2009.045 54848.5   -5.78   -5.78   -5.78  -11.09  -10.63  -10.63 2009    1   17
2009.048 54849.5   -3.16   -3.16   -3.16   -8.47   -8.02   -8.02 2009    1   18
2009.051 54850.5   -1.35   -1.35   -1.35   -6.67   -6.25   -6.25 2009    1   19
2009.053 54851.5   -4.75   -4.75   -4.75  -10.07   -9.65   -9.65 2009    1   20
2009.056 54852.5    1.56    1.56    1.56   -3.77   -3.37   -3.37 2009    1   21
2009.059 54853.5   -3.91   -3.91   -3.91   -9.25   -8.82   -8.82 2009    1   22
2009.062 54854.5  -12.92  -12.92  -12.92  -18.26  -17.82  -17.82 2009    1   23
2009.064 54855.5   -1.20   -1.20   -1.20   -6.54   -6.08   -6.08 2009    1   24
2009.067 54856.5   -1.92   -1.92   -1.92   -7.27   -6.77   -6.77 2009    1   25
2009.070 54857.5   -1.63   -1.63   -1.63   -6.99   -6.50   -6.50 2009    1   26
2009.073 54858.5    1.44    1.44    1.44   -3.92   -3.43   -3.43 2009    1   27
2009.075 54859.5   -0.94   -0.94   -0.94   -6.31   -5.83   -5.83 2009    1   28
2009.078 54860.5   -3.29   -3.29   -3.29   -8.66   -8.22   -8.22 2009    1   29
2009.081 54861.5   -1.42   -1.42   -1.42   -6.79   -6.36   -6.36 2009    1   30
2009.084 54862.5    0.05    0.05    0.05   -5.33   -4.88   -4.88 2009    1   31
2009.086 54863.5   -4.42   -4.42   -4.42   -9.81   -9.33   -9.33 2009    2    1
2009.089 54864.5    0.21    0.21    0.21   -5.19   -4.71   -4.71 2009    2    2
2009.092 54865.5    1.67    1.67    1.67   -3.73   -3.25   -3.25 2009    2    3
2009.094 54866.5   -3.45   -3.45   -3.45   -8.85   -8.36   -8.36 2009    2    4
2009.097 54867.5   -5.30   -5.30   -5.30  -10.71  -10.21  -10.21 2009    2    5
2009.100 54868.5   -4.93   -4.93   -4.93  -10.35   -9.83   -9.83 2009    2    6
2009.103 54869.5   -6.38   -6.38   -6.38  -11.80  -11.27  -11.27 2009    2    7
2009.105 54870.5   -1.11   -1.11   -1.11   -6.54   -6.02   -6.02 2009    2    8
2009.108 54871.5    1.64    1.64    1.64   -3.79   -3.29   -3.29 2009    2    9
2009.111 54872.5    0.18    0.18    0.18   -5.26   -4.77   -4.77 2009    2   10
2009.114 54873.5    7.69    7.69    7.69    2.25    2.72    2.72 2009    2   11
2009.116 54874.5   -1.75   -1.75   -1.75   -7.19   -6.76   -6.76 2009    2   12
2009.119 54875.5    0.97    0.97    0.97   -4.48   -4.09   -4.09 2009    2   13
2009.122 54876.5    0.48    0.48    0.48   -4.97   -4.60   -4.60 2009    2   14
2009.125 54877.5   -3.87   -3.87   -3.87   -9.33   -8.98   -8.98 2009    2   15
2009.127 54878.5   -3.73   -3.73   -3.73   -9.19   -8.85   -8.85 2009    2   16
2009.130 54879.5   -3.81   -3.81   -3.81   -9.28   -8.91   -8.91 2009    2   17
2009.133 54880.5   -0.49   -0.49   -0.49   -5.96   -5.57   -5.57 2009    2   18
2009.136 54881.5    1.68    1.68    1.68   -3.80   -3.42   -3.42 2009    2   19
2009.138 54882.5    9.85    9.85    9.85    4.37    4.73    4.73 2009    2   20
2009.141 54883.5    9.19    9.19    9.19    3.69    4.05    4.05 2009    2   21
2009.144 54884.5    4.46    4.46    4.46   -1.03   -0.67   -0.67 2009    2   22
2009.147 54885.5    3.29    3.29    3.29   -2.21   -1.86   -1.86 2009    2   23
2009.149 54886.5    3.61    3.61    3.61   -1.90   -1.54   -1.54 2009    2   24
2009.152 54887.5   -4.89   -4.89   -4.89  -10.40  -10.05  -10.05 2009    2   25
2009.155 54888.5   -1.62   -1.62   -1.62   -7.14   -6.79   -6.79 2009    2   26
2009.158 54889.5   -0.80   -0.80   -0.80   -6.33   -5.98   -5.98 2009    2   27
2009.160 54890.5   -4.22   -4.22   -4.22   -9.75   -9.43   -9.43 2009    2   28
2009.163 54891.5   -7.57   -7.57   -7.57  -13.10  -12.80  -12.80 2009    3    1
2009.166 54892.5   -4.74   -4.74   -4.74  -10.28   -9.98   -9.98 2009    3    2
2009.168 54893.5    5.91    5.91    5.91    0.36    0.67    0.67 2009    3    3
2009.171 54894.5    0.17    0.17    0.17   -5.38   -5.08   -5.08 2009    3    4
2009.174 54895.5   -0.03   -0.03   -0.03   -5.58   -5.27   -5.27 2009    3    5
2009.177 54896.5   -0.61   -0.61   -0.61   -6.17   -5.85   -5.85 2009    3    6
2009.179 54897.5    3.78    3.78    3.78   -1.79   -1.47   -1.47 2009    3    7
2009.182 54898.5    4.17    4.17    4.17   -1.40   -1.05   -1.05 2009    3    8
2009.185 54899.5    4.98    4.98    4.98   -0.60   -0.27   -0.27 2009    3    9
2009.188 54900.5    1.67    1.67    1.67   -3.91   -3.59   -3.59 2009    3   10
2009.190 54901.5    4.36    4.36    4.36   -1.23   -0.94   -0.94 2009    3   11
2009.193 54902.5    5.35    5.35    5.35   -0.24    0.04    0.04 2009    3   12
2009.196 54903.5    1.03    1.03    1.03   -4.57   -4.26   -4.26 2009    3   13
2009.199 54904.5    6.81    6.81    6.81    1.21    1.55    1.55 2009    3   14
2009.201 54905.5   11.11   11.11   11.11    5.50    5.82    5.82 2009    3   15
2009.204 54906.5   13.48   13.48   13.48    7.86    8.16    8.16 2009    3   16
2009.207 54907.5   13.05   13.05   13.05    7.43    7.73    7.73 2009    3   17
2009.210 54908.5    7.60    7.60    7.60    1.97    2.27    2.27 2009    3   18
2009.212 54909.5    0.50    0.50    0.50   -5.13   -4.83   -4.83 2009    3   19
2009.215 54910.5   11.89   11.89   11.89    6.25    6.57    6.57 2009    3   20
2009.218 54911.5    9.20    9.20    9.20    3.56    3.91    3.91 2009    3   21
2009.221 54912.5    2.92    2.92    2.92   -2.73   -2.39   -2.39 2009    3   22
2009.223 54913.5   -3.28   -3.28   -3.28   -8.93   -8.60   -8.60 2009    3   23
2009.226 54914.5    2.12    2.12    2.12   -3.54   -3.21   -3.21 2009    3   24
2009.229 54915.5    3.66    3.66    3.66   -2.00   -1.69   -1.69 2009    3   25
2009.232 54916.5   -1.28   -1.28   -1.28   -6.95   -6.66   -6.66 2009    3   26
2009.234 54917.5    0.57    0.57    0.57   -5.10   -4.83   -4.83 2009    3   27
2009.237 54918.5   -2.54   -2.54   -2.54   -8.21   -7.95   -7.95 2009    3   28
2009.240 54919.5   -1.23   -1.23   -1.23   -6.92   -6.66   -6.66 2009    3   29
2009.242 54920.5   -1.61   -1.61   -1.61   -7.30   -7.06   -7.06 2009    3   30
2009.245 54921.5   -1.72   -1.72   -1.72   -7.41   -7.20   -7.20 2009    3   31
2009.248 54922.5    4.99    4.99    4.99   -0.71   -0.50   -0.50 2009    4    1
2009.251 54923.5    6.75    6.75    6.75    1.05    1.25    1.25 2009    4    2
2009.253 54924.5    4.38    4.38    4.38   -1.33   -1.15   -1.15 2009    4    3
2009.256 54925.5    4.77    4.77    4.77   -0.95   -0.78   -0.78 2009    4    4
2009.259 54926.5    5.77    5.77    5.77    0.05    0.19    0.19 2009    4    5
2009.262 54927.5    8.63    8.63    8.63    2.91    3.00    3.00 2009    4    6
2009.264 54928.5    5.60    5.60    5.60   -0.13   -0.05   -0.05 2009    4    7
2009.267 54929.5    2.06    2.06    2.06   -3.67   -3.62   -3.62 2009    4    8
2009.270 54930.5    0.79    0.79    0.79   -4.95   -4.89   -4.89 2009    4    9
2009.273 54931.5    3.99    3.99    3.99   -1.76   -1.69   -1.69 2009    4   10
2009.275 54932.5    5.58    5.58    5.58   -0.17   -0.11   -0.11 2009    4   11
2009.278 54933.5    9.43    9.43    9.43    3.67    3.73    3.73 2009    4   12
2009.281 54934.5   13.01   13.01   13.01    7.25    7.30    7.30 2009    4   13
2009.284 54935.5    5.81    5.81    5.81    0.04    0.11    0.11 2009    4   14
2009.286 54936.5    6.24    6.24    6.24    0.46    0.51    0.51 2009    4   15
2009.289 54937.5    6.79    6.79    6.79    1.01    1.05    1.05 2009    4   16
2009.292 54938.5    9.99    9.99    9.99    4.20    4.21    4.21 2009    4   17
2009.295 54939.5   10.67   10.67   10.67    4.88    4.86    4.86 2009    4   18
2009.297 54940.5    9.01    9.01    9.01    3.22    3.16    3.16 2009    4   19
2009.300 54941.5    0.64    0.64    0.64   -5.16   -5.24   -5.24 2009    4   20
2009.303 54942.5    4.88    4.88    4.88   -0.93   -1.00   -1.00 2009    4   21
2009.305 54943.5   -1.96   -1.96   -1.96   -7.77   -7.86   -7.86 2009    4   22
2009.308 54944.5  -10.09  -10.09   -1.95   -7.77   -7.86   -7.86 2009    4   23
2009.311 54945.5   -1.95   -1.95   -1.95   -7.77   -7.86   -7.86 2009    4   24
2009.314 54946.5    2.15    2.15    2.15   -3.68   -3.76   -3.76 2009    4   25
2009.316 54947.5    2.83    2.83    2.83   -3.00   -3.10   -3.10 2009    4   26
2009.319 54948.5    7.42    7.42    7.42    1.59    1.48    1.48 2009    4   27
2009.322 54949.5    4.78    4.78    4.78   -1.06   -1.18   -1.18 2009    4   28
2009.325 54950.5    5.07    5.07    5.07   -0.78   -0.90   -0.90 2009    4   29
2009.327 54951.5    6.08    6.08    6.08    0.22    0.09    0.09 2009    4   30
2009.330 54952.5    0.55    0.55    0.55   -5.31   -5.44   -5.44 2009    5    1
2009.333 54953.5    8.05    8.05    8.05    2.18    2.06    2.06 2009    5    2
2009.336 54954.5    7.63    7.63    7.63    1.76    1.66    1.66 2009    5    3
2009.338 54955.5    4.30    4.30    4.30   -1.57   -1.64   -1.64 2009    5    4
2009.341 54956.5    7.18    7.18    7.18    1.30    1.23    1.23 2009    5    5
2009.344 54957.5    7.36    7.36    7.36    1.47    1.41    1.41 2009    5    6
2009.347 54958.5   10.02   10.02   10.02    4.12    4.03    4.03 2009    5    7
2009.349 54959.5   14.78   14.78   14.78    8.88    8.77    8.77 2009    5    8
2009.352 54960.5   11.08   11.08   11.08    5.17    5.05    5.05 2009    5    9
2009.355 54961.5   12.94   12.94   12.94    7.03    6.89    6.89 2009    5   10
2009.358 54962.5    8.69    8.69    8.69    2.78    2.63    2.63 2009    5   11
2009.360 54963.5    8.97    8.97    8.97    3.05    2.90    2.90 2009    5   12
2009.363 54964.5   11.06   11.06   11.06    5.14    4.99    4.99 2009    5   13
2009.366 54965.5   11.75   11.75   11.75    5.82    5.68    5.68 2009    5   14
2009.369 54966.5    7.93    7.93    7.93    1.99    1.86    1.86 2009    5   15
2009.371 54967.5   16.17   16.17   16.17   10.23   10.10   10.10 2009    5   16
2009.374 54968.5   15.00   15.00   15.00    9.05    8.94    8.94 2009    5   17
2009.377 54969.5   19.88   19.88   19.88   13.93   13.84   13.84 2009    5   18
2009.379 54970.5   17.34   17.34   17.34   11.38   11.30   11.30 2009    5   19
2009.382 54971.5    8.71    8.71    8.71    2.75    2.67    2.67 2009    5   20
2009.385 54972.5    1.04    1.04    1.04   -4.93   -5.00   -5.00 2009    5   21
2009.388 54973.5   11.60   11.60   11.60    5.62    5.56    5.56 2009    5   22
2009.390 54974.5   14.03   14.03   14.03    8.05    7.98    7.98 2009    5   23
2009.393 54975.5   10.04   10.04   10.04    4.06    3.96    3.96 2009    5   24
2009.396 54976.5   12.26   12.26   12.26    6.27    6.17    6.17 2009    5   25
2009.399 54977.5   10.27   10.27   10.27    4.27    4.14    4.14 2009    5   26
2009.401 54978.5    9.78    9.78    9.78    3.78    3.63    3.63 2009    5   27
2009.404 54979.5   12.32   12.32   12.32    6.32    6.16    6.16 2009    5   28
2009.407 54980.5   14.62   14.62   14.62    8.61    8.46    8.46 2009    5   29
2009.410 54981.5   16.92   16.92   16.92   10.90   10.75   10.75 2009    5   30
2009.412 54982.5   19.26   19.26   19.26   13.24   13.08   13.08 2009    5   31
2009.415 54983.5   16.99   16.99   16.99   10.96   10.81   10.81 2009    6    1
2009.418 54984.5    9.69    9.69    9.69    3.66    3.51    3.51 2009    6    2
2009.421 54985.5   20.17   20.17   20.17   14.13   13.98   13.98 2009    6    3
2009.423 54986.5   17.63   17.63   17.63   11.58   11.43   11.43 2009    6    4
2009.426 54987.5   19.78   19.78   19.78   13.73   13.54   13.54 2009    6    5
2009.429 54988.5   11.67   11.67   11.67    5.61    5.39    5.39 2009    6    6
2009.432 54989.5   11.38   11.38   11.38    5.32    5.08    5.08 2009    6    7
2009.434 54990.5   10.60   10.60   10.60    4.53    4.29    4.29 2009    6    8
2009.437 54991.5   18.22   18.22   18.22   12.15   11.91   11.91 2009    6    9
2009.440 54992.5   19.22   19.22   19.22   13.14   12.88   12.88 2009    6   10
2009.443 54993.5   22.33   22.33   22.33   16.25   15.97   15.97 2009    6   11
2009.445 54994.5   14.56   14.56   14.56    8.47    8.21    8.21 2009    6   12
2009.448 54995.5    9.47    9.47    9.47    3.37    3.10    3.10 2009    6   13
2009.451 54996.5   17.58   17.58   17.58   11.48   11.20   11.20 2009    6   14
2009.453 54997.5   14.43   14.43   14.43    8.32    8.05    8.05 2009    6   15
2009.456 54998.5   11.99   11.99   11.99    5.88    5.63    5.63 2009    6   16
2009.459 54999.5   16.92   16.92   16.92   10.80   10.56   10.56 2009    6   17
2009.462 55000.5   19.23   19.23   19.23   13.10   12.88   12.88 2009    6   18
2009.464 55001.5   12.25   12.25   12.25    6.12    5.92    5.92 2009    6   19
2009.467 55002.5   17.98   17.98   17.98   11.84   11.65   11.65 2009    6   20
2009.470 55003.5   14.79   14.79   14.79    8.65    8.44    8.44 2009    6   21
2009.473 55004.5   18.41   18.41   18.41   12.26   12.01   12.01 2009    6   22
2009.475 55005.5   22.88   22.88   22.88   16.73   16.46   16.46 2009    6   23
2009.478 55006.5   17.60   17.60   17.60   11.45   11.18   11.18 2009    6   24
2009.481 55007.5   24.35   24.35   24.35   18.19   17.90   17.90 2009    6   25
2009.484 55008.5   21.76   21.76   21.76   15.59   15.30   15.30 2009    6   26
2009.486 55009.5   12.25   12.25   12.25    6.08    5.78    5.78 2009    6   27
2009.489 55010.5   22.39   22.39   22.39   16.21   15.90   15.90 2009    6   28
2009.492 55011.5   14.99   14.99   14.99    8.81    8.48    8.48 2009    6   29
2009.495 55012.5   17.58   17.58   17.58   11.39   11.04   11.04 2009    6   30
2009.497 55013.5   17.58   17.58   17.58   11.38   11.03   11.03 2009    7    1
2009.500 55014.5   15.08   15.08   15.08    8.88    8.51    8.51 2009    7    2
2009.503 55015.5   19.45   19.45   19.45   13.25   12.85   12.85 2009    7    3
2009.505 55016.5   23.36   23.36   23.36   17.15   16.73   16.73 2009    7    4
2009.508 55017.5   13.03   13.03   13.03    6.82    6.37    6.37 2009    7    5
2009.511 55018.5    3.69    3.69    3.69   -2.53   -3.00   -3.00 2009    7    6
2009.514 55019.5   13.83   13.83   13.83    7.60    7.12    7.12 2009    7    7
2009.516 55020.5    8.16    8.16    8.16    1.93    1.43    1.43 2009    7    8
2009.519 55021.5   20.37   20.37   20.37   14.13   13.62   13.62 2009    7    9
2009.522 55022.5   18.56   18.56   18.56   12.31   11.78   11.78 2009    7   10
2009.525 55023.5   13.38   13.38   13.38    7.13    6.60    6.60 2009    7   11
2009.527 55024.5   14.05   14.05   14.05    7.80    7.28    7.28 2009    7   12
2009.530 55025.5    2.42    2.42    2.42   -3.84   -4.35   10.21 2009    7   13
2009.533 55026.5   19.93   19.93   19.93   13.66   13.15   13.15 2009    7   14
2009.536 55027.5   19.09   19.09   19.09   12.82   12.30   12.30 2009    7   15
2009.538 55028.5   18.02   18.02   18.02   11.74   11.21   11.21 2009    7   16
2009.541 55029.5    9.12    9.12    9.12    2.84    2.32    2.32 2009    7   17
2009.544 55030.5   13.07   13.07   13.07    6.78    6.28    6.28 2009    7   18
2009.547 55031.5   11.41   11.41   11.41    5.12    4.61    4.61 2009    7   19
2009.549 55032.5   23.78   23.78   23.78   17.48   16.97   16.97 2009    7   20
2009.552 55033.5   13.03   13.03   13.03    6.72    6.22    6.22 2009    7   21
2009.555 55034.5   17.36   17.36   17.36   11.05   10.54   10.54 2009    7   22
2009.557 55035.5    4.28    4.28    4.28   -2.03   -2.53   -2.53 2009    7   23
2009.560 55036.5   10.90   10.90   10.90    4.58    4.09    4.09 2009    7   24
2009.563 55037.5   12.14   12.14   12.14    5.82    5.30    5.30 2009    7   25
2009.566 55038.5    7.75    7.75    7.75    1.41    0.89    0.89 2009    7   26
2009.568 55039.5   12.98   12.98   12.98    6.64    6.12    6.12 2009    7   27
2009.571 55040.5   13.44   13.44   13.44    7.10    6.56    6.56 2009    7   28
2009.574 55041.5   11.88   11.88   11.88    5.53    4.99    4.99 2009    7   29
2009.577 55042.5   21.64   21.64   21.64   15.29   14.75   14.75 2009    7   30
2009.579 55043.5   14.70   14.70   14.70    8.34    7.81    7.81 2009    7   31
2009.582 55044.5    5.76    5.76    5.76   -0.60   -1.12   -1.12 2009    8    1
2009.585 55045.5   11.31   11.31   11.31    4.94    4.43    4.43 2009    8    2
2009.588 55046.5   12.66   12.66   12.66    6.29    5.78    5.78 2009    8    3
2009.590 55047.5   11.00   11.00   11.00    4.62    4.12    4.12 2009    8    4
2009.593 55048.5   12.07   12.07   12.07    5.68    5.19    5.19 2009    8    5
2009.596 55049.5    9.63    9.63    9.63    3.23    2.74    2.74 2009    8    6
2009.599 55050.5    4.88    4.88    4.88   -1.52   -2.03   -2.03 2009    8    7
2009.601 55051.5   10.13   10.13   10.13    3.73    3.21    3.21 2009    8    8
2009.604 55052.5   17.22   17.22   17.22   10.81   10.27   10.27 2009    8    9
2009.607 55053.5   13.40   13.40   13.40    6.98    6.43    6.43 2009    8   10
2009.610 55054.5   14.92   14.92   14.92    8.50    7.95    7.95 2009    8   11
2009.612 55055.5   16.44   16.44   16.44   10.01    9.48    9.48 2009    8   12
2009.615 55056.5   17.95   17.95   17.95   11.52   11.04   11.04 2009    8   13
2009.618 55057.5   15.17   15.17   15.17    8.73    8.26    8.26 2009    8   14
2009.621 55058.5   14.09   14.09   14.09    7.64    7.17    7.17 2009    8   15
2009.623 55059.5   14.38   14.38   14.38    7.93    7.47    7.47 2009    8   16
2009.626 55060.5   12.05   12.05   12.05    5.59    5.15    5.15 2009    8   17
2009.629 55061.5    5.43    5.43    5.43   -1.03   -1.48   -1.48 2009    8   18
2009.631 55062.5    7.11    7.11    7.11    0.65    0.19    0.19 2009    8   19
2009.634 55063.5   10.16   10.16   10.16    3.68    3.23    3.23 2009    8   20
2009.637 55064.5   13.16   13.16   13.16    6.68    6.23    6.23 2009    8   21
2009.640 55065.5   10.69   10.69   10.69    4.20    3.78    3.78 2009    8   22
2009.642 55066.5   11.10   11.10   11.10    4.61    4.21    4.21 2009    8   23
2009.645 55067.5   17.71   17.71   17.71   11.21   10.81   10.81 2009    8   24
2009.648 55068.5   14.68   14.68   14.68    8.18    7.75    7.75 2009    8   25
2009.651 55069.5   16.24   16.24   16.24    9.73    9.30    9.30 2009    8   26
2009.653 55070.5    6.46    6.46    6.46   -0.06   -0.50   -0.50 2009    8   27
2009.656 55071.5    7.64    7.64    7.64    1.12    0.66    0.66 2009    8   28
2009.659 55072.5   11.83   11.83   11.83    5.30    4.84    4.84 2009    8   29
2009.662 55073.5   11.68   11.68   11.68    5.15    4.67    4.67 2009    8   30
2009.664 55074.5   11.48   11.48   11.48    4.94    4.42    4.42 2009    8   31
2009.667 55075.5   14.17   14.17   14.17    7.63    7.07    7.07 2009    9    1
2009.670 55076.5   12.13   12.13   12.13    5.58    5.04    5.04 2009    9    2
2009.673 55077.5    8.88    8.88    8.88    2.32    1.77    1.77 2009    9    3
2009.675 55078.5    9.92    9.92    9.92    3.36    2.80    2.80 2009    9    4
2009.678 55079.5   12.06   12.06   12.06    5.50    4.94    4.94 2009    9    5
2009.681 55080.5    0.28    0.28    0.28   -6.29   -6.82   -6.82 2009    9    6
2009.684 55081.5   17.48   17.48   17.48   10.90   10.40   10.40 2009    9    7
2009.686 55082.5    4.21    4.21    4.21   -2.37   -2.86   -2.86 2009    9    8
2009.689 55083.5    8.85    8.85    8.85    2.26    1.75    1.75 2009    9    9
2009.692 55084.5   14.94   14.94   14.94    8.34    7.82    7.82 2009    9   10
2009.695 55085.5    4.71    4.71    4.71   -1.89   -2.42   -2.42 2009    9   11
2009.697 55086.5   -2.52   -2.52   -2.52   -9.13   -9.66   -9.66 2009    9   12
2009.700 55087.5   15.69   15.69   15.69    9.07    8.56    8.56 2009    9   13
2009.703 55088.5   10.91   10.91   10.91    4.30    3.80    3.80 2009    9   14
2009.705 55089.5   17.50   17.50   17.50   10.88   10.40   10.40 2009    9   15
2009.708 55090.5   10.86   10.86   10.86    4.23    3.77    3.77 2009    9   16
2009.711 55091.5   12.61   12.61   12.61    5.98    5.50    5.50 2009    9   17
2009.714 55092.5    6.97    6.97    6.97    0.33   -0.18   -0.18 2009    9   18
2009.716 55093.5    3.21    3.21    3.21   -3.43   -3.94   -3.94 2009    9   19
2009.719 55094.5   12.36   12.36   12.36    5.71    5.19    5.19 2009    9   20
2009.722 55095.5    7.50    7.50    7.50    0.84    0.32    0.32 2009    9   21
2009.725 55096.5   12.44   12.44   12.44    5.78    5.25    5.25 2009    9   22
2009.727 55097.5   10.20   10.20   10.20    3.53    3.02    3.02 2009    9   23
2009.730 55098.5    8.26    8.26    8.26    1.58    1.07    1.07 2009    9   24
2009.733 55099.5    6.61    6.61    6.61   -0.07   -0.60   -0.60 2009    9   25
2009.736 55100.5    4.97    4.97    4.97   -1.71   -2.24   -2.24 2009    9   26
2009.738 55101.5    4.19    4.19    4.19   -2.50   -3.05   -3.05 2009    9   27
2009.741 55102.5    6.09    6.09    6.09   -0.60   -1.14   -1.14 2009    9   28
2009.744 55103.5   10.09   10.09   10.09    3.38    2.84    2.84 2009    9   29
2009.747 55104.5    6.19    6.19    6.19   -0.52   -1.08   -1.08 2009    9   30
2009.749 55105.5   22.60   22.60    8.83    2.11    1.55    1.55 2009   10    1
2009.752 55106.5   11.47   11.47   11.47    4.74    4.18    4.18 2009   10    2
2009.755 55107.5    8.70    8.70    8.70    1.97    1.40    1.40 2009   10    3
2009.758 55108.5   10.50   10.50   10.50    3.77    3.18    3.18 2009   10    4
2009.760 55109.5   11.26   11.26   11.26    4.53    3.94    3.94 2009   10    5
2009.763 55110.5    9.42    9.42    9.42    2.68    2.10    2.10 2009   10    6
2009.766 55111.5    7.28    7.28    7.28    0.53   -0.04   -0.04 2009   10    7
2009.768 55112.5    7.77    7.77    7.77    1.01    0.43    0.43 2009   10    8
2009.771 55113.5    6.78    6.78    6.78    0.02   -0.59   -0.59 2009   10    9
2009.774 55114.5    5.41    5.41    5.41   -1.35   -1.97   -1.97 2009   10   10
2009.777 55115.5    7.66    7.66    7.66    0.89    0.27    0.27 2009   10   11
2009.779 55116.5   10.01   10.01   10.01    3.23    2.64    2.64 2009   10   12
2009.782 55117.5    9.88    9.88    9.88    3.10    2.54    2.54 2009   10   13
2009.785 55118.5   10.77   10.77   10.77    3.99    3.43    3.43 2009   10   14
2009.788 55119.5   10.39   10.39   10.39    3.59    3.04    3.04 2009   10   15
2009.790 55120.5   17.78   17.78   17.78   10.98   10.43   10.43 2009   10   16
2009.793 55121.5   17.68   17.68   17.68   10.87   10.35   10.35 2009   10   17
2009.796 55122.5   19.27   19.27   17.69   10.88   10.36   10.36 2009   10   18
2009.799 55123.5   17.71   17.71   17.71   10.89   10.39   10.39 2009   10   19
2009.801 55124.5    6.76    6.76    6.76   -0.06   -0.57   -0.57 2009   10   20
2009.804 55125.5    9.25    9.25    9.25    2.42    1.93    1.93 2009   10   21
2009.807 55126.5    6.65    6.65    6.65   -0.18   -0.69   -0.69 2009   10   22
2009.810 55127.5    9.06    9.06    9.06    2.22    1.70    1.70 2009   10   23
2009.812 55128.5    7.09    7.09    7.09    0.24   -0.31   -0.31 2009   10   24
2009.815 55129.5   11.08   11.08   11.08    4.22    3.67    3.67 2009   10   25
2009.818 55130.5    9.05    9.05    9.05    2.19    1.62    1.62 2009   10   26
2009.821 55131.5   12.27   12.27   12.27    5.40    4.82    4.82 2009   10   27
2009.823 55132.5   10.44   10.44   10.44    3.57    2.99    2.99 2009   10   28
2009.826 55133.5    8.20    8.20    8.20    1.32    0.73    0.73 2009   10   29
2009.829 55134.5    3.04    3.04    3.04   -3.84   -4.43   -4.43 2009   10   30
2009.832 55135.5    2.58    2.58    2.58   -4.31   -4.93   -4.93 2009   10   31
2009.834 55136.5   -2.12   -2.12   -2.12   -9.01   -9.64   -9.64 2009   11    1
2009.837 55137.5   -1.93   -1.93   -1.93   -8.83   -9.46   -9.46 2009   11    2
2009.840 55138.5    5.38    5.38    5.38   -1.53   -2.16   -2.16 2009   11    3
2009.842 55139.5    7.14    7.14    7.14    0.22   -0.43   -0.43 2009   11    4
2009.845 55140.5   12.36   12.36   12.36    5.44    4.77    4.77 2009   11    5
2009.848 55141.5   11.62   11.62   11.62    4.70    4.02    4.02 2009   11    6
2009.851 55142.5    8.01    8.01    8.01    1.08    0.42    0.42 2009   11    7
2009.853 55143.5    6.15    6.15    6.15   -0.79   -1.45   -1.45 2009   11    8
2009.856 55144.5    3.51    3.51    3.51   -3.43   -4.09   -4.09 2009   11    9
2009.859 55145.5   -1.71   -1.71   -1.71   -8.66   -9.31   -9.31 2009   11   10
2009.862 55146.5   -0.36   -0.36   -0.36   -7.32   -7.96   -7.96 2009   11   11
2009.864 55147.5   -5.52   -5.52   -5.52  -12.48  -13.11  -13.11 2009   11   12
2009.867 55148.5   -0.95   -0.95   -0.95   -7.92   -8.54   -8.54 2009   11   13
2009.870 55149.5    2.46    2.46    2.46   -4.51   -5.12   -5.12 2009   11   14
2009.873 55150.5   -4.45   -4.45   -4.45  -11.43  -12.02  -12.02 2009   11   15
2009.875 55151.5   -6.12   -6.12   -6.12  -13.10  -13.67  -13.67 2009   11   16
2009.878 55152.5   -0.44   -0.44   -0.44   -7.43   -7.96   -7.96 2009   11   17
2009.881 55153.5   -2.39   -2.39   -2.39   -9.39   -9.89   -9.89 2009   11   18
2009.884 55154.5   -2.57   -2.57   -2.57   -9.57  -10.06  -10.06 2009   11   19
2009.886 55155.5   -2.72   -2.72   -2.72   -9.73  -10.23  -10.23 2009   11   20
2009.889 55156.5    3.18    3.18    3.18   -3.83   -4.33   -4.33 2009   11   21
2009.892 55157.5    3.67    3.67    3.67   -3.35   -3.82   -3.82 2009   11   22
2009.895 55158.5    3.98    3.98    3.98   -3.05   -3.51   -3.51 2009   11   23
2009.897 55159.5    4.17    4.17    4.17   -2.86   -3.30   -3.30 2009   11   24
2009.900 55160.5    3.29    3.29    3.29   -3.75   -4.19   -4.19 2009   11   25
2009.903 55161.5    0.44    0.44    0.44   -6.60   -7.04   -7.04 2009   11   26
2009.906 55162.5   -2.97   -2.97   -2.97  -10.02  -10.45  -10.45 2009   11   27
2009.908 55163.5   -1.30   -1.30   -1.30   -8.36   -8.79   -8.79 2009   11   28
2009.911 55164.5    1.03    1.03    1.03   -6.03   -6.43   -6.43 2009   11   29
2009.914 55165.5    0.98    0.98    0.98   -6.09   -6.45   -6.45 2009   11   30
2009.916 55166.5    2.57    2.57    2.57   -4.50   -4.83   -4.83 2009   12    1
2009.919 55167.5    1.98    1.98    1.98   -5.10   -5.41   -5.41 2009   12    2
2009.922 55168.5    0.99    0.99    0.99   -6.10   -6.36   -6.36 2009   12    3
2009.925 55169.5    1.47    1.47    1.47   -5.61   -5.85   -5.85 2009   12    4
2009.927 55170.5    7.24    7.24    7.24    0.14   -0.05   -0.05 2009   12    5
2009.930 55171.5    3.68    3.68    3.68   -3.42   -3.60   -3.60 2009   12    6
2009.933 55172.5    0.59    0.59    0.59   -6.52   -6.69   -6.69 2009   12    7
2009.936 55173.5    2.55    2.55    2.55   -4.57   -4.72   -4.72 2009   12    8
2009.938 55174.5    5.38    5.38    5.38   -1.74   -1.88   -1.88 2009   12    9
2009.941 55175.5    4.84    4.84    4.84   -2.28   -2.39   -2.39 2009   12   10
2009.944 55176.5    2.98    2.98    2.98   -4.15   -4.20   -4.20 2009   12   11
2009.947 55177.5    4.53    4.53    4.53   -2.60   -2.66   -2.66 2009   12   12
2009.949 55178.5    0.71    0.71    0.71   -6.43   -6.48   -6.48 2009   12   13
2009.952 55179.5   -0.16   -0.16   -0.16   -7.31   -7.32   -7.32 2009   12   14
2009.955 55180.5   -1.01   -1.01   -1.01   -8.16   -8.18   -8.18 2009   12   15
2009.958 55181.5   -1.14   -1.14   -1.14   -8.30   -8.35   -8.35 2009   12   16
2009.960 55182.5   -6.12   -6.12   -6.12  -13.29  -13.32  -13.32 2009   12   17
2009.963 55183.5   -3.12   -3.12   -3.12  -10.29  -10.30  -10.30 2009   12   18
2009.966 55184.5   -2.44   -2.44   -2.44   -9.62   -9.62   -9.62 2009   12   19
2009.969 55185.5    0.37    0.37    0.37   -6.82   -6.81   -6.81 2009   12   20
2009.971 55186.5    4.76    4.76    4.76   -2.43   -2.43   -2.43 2009   12   21
2009.974 55187.5    3.74    3.74    3.74   -3.46   -3.45   -3.45 2009   12   22
2009.977 55188.5    2.72    2.72    2.72   -4.48   -4.46   -4.46 2009   12   23
2009.979 55189.5    1.69    1.69    1.69   -5.51   -5.48   -5.48 2009   12   24
2009.982 55190.5    2.37    2.37    2.37   -4.84   -4.77   -4.77 2009   12   25
2009.985 55191.5    1.04    1.04    1.04   -6.18   -6.08   -6.08 2009   12   26
2009.988 55192.5    3.68    3.68    3.68   -3.55   -3.48   -3.48 2009   12   27
2009.990 55193.5    7.26    7.26    7.26    0.03    0.13    0.13 2009   12   28
2009.993 55194.5    1.50    1.50    1.50   -5.74   -5.65   -5.65 2009   12   29
2009.996 55195.5    1.03    1.03    1.03   -6.21   -6.13   -6.13 2009   12   30
2009.999 55196.5    4.44    4.44    4.44   -2.81   -2.73   -2.73 2009   12   31
2010.001 55197.5    3.78    3.78    3.78   -3.48   -3.38   -3.38 2010    1    1
2010.004 55198.5    3.68    3.68    3.68   -3.58   -3.49   -3.49 2010    1    2
2010.007 55199.5    1.57    1.57    1.57   -5.70   -5.61   -5.61 2010    1    3
2010.010 55200.5   -0.78   -0.78   -0.78   -8.05   -7.98   -7.98 2010    1    4
2010.012 55201.5    1.48    1.48    1.48   -5.80   -5.77   -5.77 2010    1    5
2010.015 55202.5   -3.31   -3.31   -3.31  -10.60  -10.56  -10.56 2010    1    6
2010.018 55203.5   -3.82   -3.82   -3.82  -11.11  -11.07  -11.07 2010    1    7
2010.021 55204.5   -2.18   -2.18   -2.18   -9.48   -9.43   -9.43 2010    1    8
2010.023 55205.5   -6.08   -6.08   -6.08  -13.38  -13.33  -13.33 2010    1    9
2010.026 55206.5   -6.30   -6.30   -6.30  -13.61  -13.56  -13.56 2010    1   10
2010.029 55207.5   -3.47   -3.47   -3.47  -10.78  -10.73  -10.73 2010    1   11
2010.031 55208.5   -6.90   -6.90   -6.90  -14.22  -14.18  -14.18 2010    1   12
2010.034 55209.5   -2.16   -2.16   -2.16   -9.49   -9.42   -9.42 2010    1   13
2010.037 55210.5   -4.02   -4.02   -4.02  -11.36  -11.25  -11.25 2010    1   14
2010.040 55211.5   -6.19   -6.19   -6.19  -13.53  -13.41  -13.41 2010    1   15
2010.042 55212.5   -4.70   -4.70   -4.70  -12.04  -11.93  -11.93 2010    1   16
2010.045 55213.5   -3.16   -3.16   -3.16  -10.52  -10.40  -10.40 2010    1   17
2010.048 55214.5    0.34    0.34    0.34   -7.02   -6.93   -6.93 2010    1   18
2010.051 55215.5   -0.75   -0.75   -0.75   -8.11   -7.98   -7.98 2010    1   19
2010.053 55216.5   -1.84   -1.84   -1.84   -9.21   -9.06   -9.06 2010    1   20
2010.056 55217.5   -2.93   -2.93   -2.93  -10.30  -10.12  -10.12 2010    1   21
2010.059 55218.5   -4.49   -4.49   -4.49  -11.87  -11.71  -11.71 2010    1   22
2010.062 55219.5    1.38    1.38    1.38   -6.01   -5.83   -5.83 2010    1   23
2010.064 55220.5    4.21    4.21    4.21   -3.18   -2.99   -2.99 2010    1   24
2010.067 55221.5   -1.70   -1.70   -1.70   -9.10   -8.92   -8.92 2010    1   25
2010.070 55222.5    5.36    5.36    5.36   -2.05   -1.87   -1.87 2010    1   26
2010.073 55223.5    4.20    4.20    4.20   -3.22   -3.03   -3.03 2010    1   27
2010.075 55224.5   -0.54   -0.54   -0.54   -7.96   -7.77   -7.77 2010    1   28
2010.078 55225.5   -2.69   -2.69   -2.69  -10.11   -9.90   -9.90 2010    1   29
2010.081 55226.5   -3.82   -3.82   -3.82  -11.25  -11.06  -11.06 2010    1   30
2010.084 55227.5   -1.96   -1.96   -1.96   -9.39   -9.24   -9.24 2010    1   31
2010.086 55228.5   -1.35   -1.35   -1.35   -8.79   -8.64   -8.64 2010    2    1
2010.089 55229.5   -0.76   -0.76   -0.76   -8.21   -8.07   -8.07 2010    2    2
2010.092 55230.5   -0.17   -0.17   -0.17   -7.63   -7.51   -7.51 2010    2    3
2010.094 55231.5    0.41    0.41    0.41   -7.05   -6.95   -6.95 2010    2    4
2010.097 55232.5    1.00    1.00    1.00   -6.47   -6.35   -6.35 2010    2    5
2010.100 55233.5    1.60    1.60    1.60   -5.88   -5.79   -5.79 2010    2    6
2010.103 55234.5    4.00    4.00    4.00   -3.48   -3.39   -3.39 2010    2    7
2010.105 55235.5    4.86    4.86    4.86   -2.62   -2.53   -2.53 2010    2    8
2010.108 55236.5    0.60    0.60    0.60   -6.89   -6.80   -6.80 2010    2    9
2010.111 55237.5   -2.72   -2.72   -2.72  -10.22  -10.14  -10.14 2010    2   10
2010.114 55238.5   -7.45   -7.45   -7.45  -14.96  -14.89  -14.89 2010    2   11
2010.116 55239.5   -3.95   -3.95   -3.95  -11.46  -11.40  -11.40 2010    2   12
2010.119 55240.5    1.72    1.72    1.72   -5.80   -5.73   -5.73 2010    2   13
2010.122 55241.5   -2.28   -2.28   -2.28   -9.80   -9.72   -9.72 2010    2   14
2010.125 55242.5   -7.54   -7.54   -7.54  -15.06  -15.00  -15.00 2010    2   15
2010.127 55243.5   -0.34   -0.34   -0.34   -7.87   -7.82   -7.82 2010    2   16
2010.130 55244.5    1.28    1.28    1.28   -6.26   -6.24   -6.24 2010    2   17
2010.133 55245.5    1.38    1.38    1.38   -6.17   -6.16   -6.16 2010    2   18
2010.136 55246.5    2.38    2.38    2.38   -5.17   -5.17   -5.17 2010    2   19
2010.138 55247.5    3.94    3.94    3.94   -3.62   -3.61   -3.61 2010    2   20
2010.141 55248.5    4.08    4.08    4.08   -3.49   -3.46   -3.46 2010    2   21
2010.144 55249.5    4.09    4.09    4.09   -3.48   -3.44   -3.44 2010    2   22
2010.147 55250.5   13.37   13.37   13.37    5.79    5.87    5.87 2010    2   23
2010.149 55251.5    6.66    6.66    6.66   -0.92   -0.83   -0.83 2010    2   24
2010.152 55252.5    4.32    4.32    4.32   -3.27   -3.15   -3.15 2010    2   25
2010.155 55253.5    6.07    6.07    6.07   -1.52   -1.40   -1.40 2010    2   26
2010.158 55254.5    4.44    4.44    4.44   -3.16   -3.04   -3.04 2010    2   27
2010.160 55255.5    2.68    2.68    2.68   -4.93   -4.81   -4.81 2010    2   28
2010.163 55256.5   11.49   11.49   11.49    3.88    4.00    4.00 2010    3    1
2010.166 55257.5    7.01    7.01    7.01   -0.61   -0.48   -0.48 2010    3    2
2010.168 55258.5    3.21    3.21    3.21   -4.42   -4.28   -4.28 2010    3    3
2010.171 55259.5    5.75    5.75    5.75   -1.88   -1.72   -1.72 2010    3    4
2010.174 55260.5    4.75    4.75    4.75   -2.89   -2.73   -2.73 2010    3    5
2010.177 55261.5    0.84    0.84    0.84   -6.80   -6.64   -6.64 2010    3    6
2010.179 55262.5   -3.23   -3.23   -3.23  -10.88  -10.70  -10.70 2010    3    7
2010.182 55263.5   -4.88   -4.88   -4.88  -12.54  -12.40  -12.40 2010    3    8
2010.185 55264.5    3.78    3.78    3.78   -3.88   -3.72   -3.72 2010    3    9
2010.188 55265.5   10.69   10.69   10.69    3.02    3.16    3.16 2010    3   10
2010.190 55266.5   11.67   11.67   11.67    4.00    4.14    4.14 2010    3   11
2010.193 55267.5    8.77    8.77    8.77    1.09    1.24    1.24 2010    3   12
2010.196 55268.5    5.12    5.12    5.12   -2.57   -2.44   -2.44 2010    3   13
2010.199 55269.5    2.92    2.92    2.92   -4.78   -4.69   -4.69 2010    3   14
2010.201 55270.5    7.80    7.80    7.80    0.10    0.22    0.22 2010    3   15
2010.204 55271.5    8.18    8.18    8.18    0.47    0.60    0.60 2010    3   16
2010.207 55272.5    7.70    7.70    7.70   -0.01    0.13    0.13 2010    3   17
2010.210 55273.5   17.24   17.24   17.24    9.52    9.65    2.91 2010    3   18
2010.212 55274.5   13.28   13.28   13.28    5.55    5.69    5.69 2010    3   19
2010.215 55275.5   13.28   13.28   13.28    5.55    5.66    5.66 2010    3   20
2010.218 55276.5   15.07   15.07   15.07    7.34    7.42    7.42 2010    3   21
2010.221 55277.5    6.13    6.13    6.13   -1.61   -1.51   -1.51 2010    3   22
2010.223 55278.5   -8.09   -8.09    1.13   -6.61   -6.50   -6.50 2010    3   23
2010.226 55279.5   -3.86   -3.86   -3.86  -11.62  -11.48  -11.48 2010    3   24
2010.229 55280.5    9.27    9.27    9.27    1.51    1.67    1.67 2010    3   25
2010.232 55281.5    6.93    6.93    6.93   -0.83   -0.65   -0.65 2010    3   26
2010.234 55282.5    0.70    0.70    0.70   -7.07   -6.89   -6.89 2010    3   27
2010.237 55283.5    7.59    7.59    7.59   -0.19   -0.01   -0.01 2010    3   28
2010.240 55284.5   -3.13   -3.13   -3.13  -10.92  -10.75  -10.75 2010    3   29
2010.242 55285.5   -7.10   -7.10    1.89   -5.90   -5.73   -5.73 2010    3   30
2010.245 55286.5    6.91    6.91    6.91   -0.89   -0.69   -0.69 2010    3   31
2010.248 55287.5   10.16   10.16   10.16    2.35    2.57    2.57 2010    4    1
2010.251 55288.5    7.62    7.62    7.62   -0.19    0.04    0.04 2010    4    2
2010.253 55289.5    8.60    8.60    8.60    0.78    1.03    1.03 2010    4    3
2010.256 55290.5   13.07   13.07   13.07    5.25    5.51    5.51 2010    4    4
2010.259 55291.5    7.90    7.90    7.90    0.07    0.34    0.34 2010    4    5
2010.262 55292.5    6.64    6.64    6.64   -1.20   -0.91   -0.91 2010    4    6
2010.264 55293.5    3.90    3.90    3.90   -3.94   -3.63   -3.63 2010    4    7
2010.267 55294.5   11.36   11.36   11.36    3.52    3.84    3.84 2010    4    8
2010.270 55295.5   10.19   10.19   10.19    2.34    2.66    2.66 2010    4    9
2010.273 55296.5   11.93   11.93   11.93    4.07    4.39    4.39 2010    4   10
2010.275 55297.5    5.49    5.49    5.49   -2.37   -2.05   -2.05 2010    4   11
2010.278 55298.5    2.48    2.48    2.48   -5.39   -5.06   -5.06 2010    4   12
2010.281 55299.5    3.98    3.98    3.98   -3.90   -3.55   -3.55 2010    4   13
2010.284 55300.5    4.08    4.08    4.08   -3.81   -3.45   -3.45 2010    4   14
2010.286 55301.5    8.15    8.15    8.15    0.26    0.62    0.62 2010    4   15
2010.289 55302.5    6.20    6.20    6.20   -1.70   -1.32   -1.32 2010    4   16
2010.292 55303.5    6.73    6.73    6.73   -1.18   -0.75   -0.75 2010    4   17
2010.295 55304.5   10.83   10.83   10.83    2.92    3.39    3.39 2010    4   18
2010.297 55305.5    3.20    3.20    3.20   -4.72   -4.20   -4.20 2010    4   19
2010.300 55306.5    6.02    6.02    6.02   -1.90   -1.33   -1.33 2010    4   20
2010.303 55307.5   -0.32   -0.32   -0.32   -8.25   -7.67   -7.67 2010    4   21
2010.305 55308.5    5.05    5.05    5.05   -2.88   -2.29   -2.29 2010    4   22
2010.308 55309.5    6.77    6.77    6.77   -1.17   -0.57   -0.57 2010    4   23
2010.311 55310.5    8.92    8.92    8.92    0.97    1.59    1.59 2010    4   24
2010.314 55311.5    6.70    6.70    6.70   -1.26   -0.62   -0.62 2010    4   25
2010.316 55312.5   12.27   12.27   12.27    4.31    4.98    4.98 2010    4   26
2010.319 55313.5   11.49   11.49   11.49    3.52    4.23    4.23 2010    4   27
2010.322 55314.5    8.98    8.98    8.98    1.01    1.76    1.76 2010    4   28
2010.325 55315.5    9.17    9.17    9.17    1.20    1.98    1.98 2010    4   29
2010.327 55316.5    6.28    6.28    6.28   -1.71   -0.89   -0.89 2010    4   30
2010.330 55317.5   16.66   16.66   16.66    8.67    9.50    9.50 2010    5    1
2010.333 55318.5   11.50   11.50   11.50    3.50    4.35    4.35 2010    5    2
2010.336 55319.5   11.24   11.24   11.24    3.24    4.09    4.09 2010    5    3
2010.338 55320.5    8.80    8.80    8.80    0.79    1.65    1.65 2010    5    4
2010.341 55321.5   18.03   18.03   18.03   10.01   10.88   10.88 2010    5    5
2010.344 55322.5   14.01   14.01   14.01    5.99    6.87    6.87 2010    5    6
2010.347 55323.5   14.93   14.93   14.93    6.90    7.81    7.81 2010    5    7
2010.349 55324.5    8.65    8.65    8.65    0.61    1.55    1.55 2010    5    8
2010.352 55325.5   14.78   14.78   14.78    6.74    7.71    7.71 2010    5    9
2010.355 55326.5   13.22   13.22   13.22    5.17    6.18    6.18 2010    5   10
2010.358 55327.5    9.59    9.59    9.59    1.54    2.56    2.56 2010    5   11
2010.360 55328.5    8.90    8.90    8.90    0.84    1.87    1.87 2010    5   12
2010.363 55329.5    8.83    8.83    8.83    0.77    1.77    1.77 2010    5   13
2010.366 55330.5    8.79    8.79    8.79    0.71    1.71    1.71 2010    5   14
2010.369 55331.5    8.74    8.74    8.74    0.66    1.66    1.66 2010    5   15
2010.371 55332.5    8.69    8.69    8.69    0.61    1.62    1.62 2010    5   16
2010.374 55333.5    8.65    8.65    8.65    0.56    1.58    1.58 2010    5   17
2010.377 55334.5    8.60    8.60    8.60    0.50    1.51    1.51 2010    5   18
2010.379 55335.5    8.56    8.56    8.56    0.45    1.45    1.45 2010    5   19
2010.382 55336.5    8.51    8.51    8.51    0.40    1.39    1.39 2010    5   20
2010.385 55337.5    8.46    8.46    8.46    0.35    1.30    1.30 2010    5   21
2010.388 55338.5    8.42    8.42    8.42    0.29    1.22    1.22 2010    5   22
2010.390 55339.5    8.37    8.37    8.37    0.24    1.17    1.17 2010    5   23
2010.393 55340.5    8.32    8.32    8.32    0.19    1.12    1.12 2010    5   24
2010.396 55341.5    8.31    8.31    8.31    0.17    1.11    1.11 2010    5   25
2010.399 55342.5   11.84   11.84   11.84    3.69    4.68    4.68 2010    5   26
2010.401 55343.5   10.58   10.58   10.58    2.42    3.41    3.41 2010    5   27
2010.404 55344.5   13.05   13.05   13.05    4.89    5.86    5.86 2010    5   28
2010.407 55345.5   16.86   16.86   16.86    8.70    9.67    9.67 2010    5   29
2010.410 55346.5    5.52    5.52    5.52   -2.66   -1.69   -1.69 2010    5   30
2010.412 55347.5    1.61    1.61    6.76   -1.42   -0.46   -0.46 2010    5   31
2010.415 55348.5    7.99    7.99    7.99   -0.19    0.76    0.76 2010    6    1
2010.418 55349.5    0.79    0.79    5.90   -2.29   -1.35   -1.35 2010    6    2
2010.421 55350.5    3.80    3.80    3.80   -4.40   -3.45   -3.45 2010    6    3
2010.423 55351.5    9.76    9.76    9.76    1.56    2.48    2.48 2010    6    4
2010.426 55352.5    7.88    7.88    7.88   -0.33    0.57    0.57 2010    6    5
2010.429 55353.5    8.76    8.76    8.76    0.54    1.46    1.46 2010    6    6
2010.432 55354.5    8.58    8.58    8.58    0.35    1.29    1.29 2010    6    7
2010.434 55355.5    7.19    7.19    7.19   -1.04   -0.10   -0.10 2010    6    8
2010.437 55356.5   14.62   14.62   14.62    6.38    7.30    7.30 2010    6    9
2010.440 55357.5   10.05   10.05   10.05    1.81    2.72    2.72 2010    6   10
2010.443 55358.5    7.72    7.72    7.72   -0.53    0.38    0.38 2010    6   11
2010.445 55359.5   18.22   18.22   18.22    9.96   10.86   10.86 2010    6   12
2010.448 55360.5    3.87    3.87    3.87   -4.39   -3.48   -3.48 2010    6   13
2010.451 55361.5    7.88    7.88    7.88   -0.39    0.51    0.51 2010    6   14
2010.453 55362.5   20.11   20.11   20.11   11.83   12.74   12.74 2010    6   15
2010.456 55363.5   26.85   26.85   26.85   18.57   19.46   19.46 2010    6   16
2010.459 55364.5    8.78    8.78    8.78    0.49    1.36    1.36 2010    6   17
2010.462 55365.5   14.83   14.83   14.83    6.54    7.38    7.38 2010    6   18
2010.464 55366.5   13.61   13.61   13.61    5.31    6.12    6.12 2010    6   19
2010.467 55367.5   16.35   16.35   16.35    8.04    8.84    8.84 2010    6   20
2010.470 55368.5   18.68   18.68   18.68   10.37   11.16   11.16 2010    6   21
2010.473 55369.5   19.36   19.36   19.36   11.05   11.84   11.84 2010    6   22
2010.475 55370.5   18.68   18.68   18.68   10.35   11.16   11.16 2010    6   23
2010.478 55371.5   13.79   13.79   13.79    5.46    6.28    6.28 2010    6   24
2010.481 55372.5   14.57   14.57   14.57    6.24    7.05    7.05 2010    6   25
2010.484 55373.5   14.97   14.97   14.97    6.62    7.44    7.44 2010    6   26
2010.486 55374.5   23.51   23.51   23.51   15.16   15.96   15.96 2010    6   27
2010.489 55375.5   16.32   16.32   16.32    7.96    8.75    8.75 2010    6   28
2010.492 55376.5   20.02   20.02   20.02   11.66   12.45   12.45 2010    6   29
2010.495 55377.5   20.28   20.28   20.28   11.91   12.71   12.71 2010    6   30
2010.497 55378.5   19.98   19.98   19.98   11.61   12.40   12.40 2010    7    1
2010.500 55379.5   12.58   12.58   12.58    4.19    5.01    5.01 2010    7    2
2010.503 55380.5   22.25   22.25   22.25   13.86   14.70   14.70 2010    7    3
2010.505 55381.5   26.16   26.16   26.16   17.77   18.62   18.62 2010    7    4
2010.508 55382.5   24.29   24.29   24.29   15.89   16.76   16.76 2010    7    5
2010.511 55383.5   18.84   18.84   18.84   10.43   11.31   11.31 2010    7    6
2010.514 55384.5   16.50   16.50   16.50    8.08    8.98    8.98 2010    7    7
2010.516 55385.5    6.62    6.62    6.62   -1.80   -0.90   -0.90 2010    7    8
2010.519 55386.5   17.59   17.59   17.59    9.17   10.07   10.07 2010    7    9
2010.522 55387.5   21.58   21.58   21.58   13.14   14.05   14.05 2010    7   10
2010.525 55388.5   17.18   17.18   17.18    8.74    9.64    9.64 2010    7   11
2010.527 55389.5   15.59   15.59   15.59    7.14    8.03    8.03 2010    7   12
2010.530 55390.5    6.11    6.11    6.11   -2.34   -1.47   -1.47 2010    7   13
2010.533 55391.5   10.44   10.44   10.44    1.98    2.83    2.83 2010    7   14
2010.536 55392.5   12.65   12.65   12.65    4.19    5.04    5.04 2010    7   15
2010.538 55393.5   12.77   12.77   12.77    4.30    5.16    5.16 2010    7   16
2010.541 55394.5   15.14   15.14   15.14    6.66    7.52    7.52 2010    7   17
2010.544 55395.5   13.72   13.72   13.72    5.24    6.09    6.09 2010    7   18
2010.547 55396.5   25.06   25.06   25.06   16.56   17.41   17.41 2010    7   19
2010.549 55397.5    9.78    9.78    9.78    1.28    2.14    2.14 2010    7   20
2010.552 55398.5    8.70    8.70    8.70    0.20    1.06    1.06 2010    7   21
2010.555 55399.5    5.49    5.49    5.49   -3.02   -2.15   -2.15 2010    7   22
2010.557 55400.5   14.95   14.95   14.95    6.43    7.30    7.30 2010    7   23
2010.560 55401.5    6.58    6.58    6.58   -1.95   -1.08   -1.08 2010    7   24
2010.563 55402.5    9.42    9.42    9.42    0.88    1.80    1.80 2010    7   25
2010.566 55403.5   14.30   14.30   14.30    5.76    6.71    6.71 2010    7   26
2010.568 55404.5   15.67   15.67   15.67    7.12    8.08    8.08 2010    7   27
2010.571 55405.5   12.99   12.99   12.99    4.44    5.45    5.45 2010    7   28
2010.574 55406.5   30.78   30.78   13.91    5.35    6.39    6.39 2010    7   29
2010.577 55407.5   14.82   14.82   14.82    6.26    7.32    7.32 2010    7   30
2010.579 55408.5   27.33   27.33   27.33   18.76   19.82    8.97 2010    7   31
2010.582 55409.5   18.14   18.14   18.14    9.56   10.62   10.62 2010    8    1
2010.585 55410.5   15.81   15.81   15.81    7.22    8.27    8.27 2010    8    2
2010.588 55411.5   18.70   18.70   18.70   10.11   11.14   11.14 2010    8    3
2010.590 55412.5   21.43   21.43   21.43   12.84   13.86   13.86 2010    8    4
2010.593 55413.5   19.62   19.62   19.62   11.02   12.02   12.02 2010    8    5
2010.596 55414.5    5.06    5.06    5.06   -3.55   -2.55   -2.55 2010    8    6
2010.599 55415.5   20.78   20.78   20.78   12.16   13.15   13.15 2010    8    7
2010.601 55416.5   11.73   11.73   11.73    3.10    4.08    4.08 2010    8    8
2010.604 55417.5   15.35   15.35   15.35    6.72    7.69    7.69 2010    8    9
2010.607 55418.5   17.56   17.56   17.56    8.92    9.89    9.89 2010    8   10
2010.610 55419.5   22.82   22.82   22.82   14.17   15.14   15.14 2010    8   11
2010.612 55420.5   23.47   23.47   23.47   14.82   15.78   15.78 2010    8   12
2010.615 55421.5   22.40   22.40   22.40   13.74   14.68   14.68 2010    8   13
2010.618 55422.5   11.30   11.30   11.30    2.64    3.57    3.57 2010    8   14
2010.621 55423.5   16.39   16.39   16.39    7.72    8.67    8.67 2010    8   15
2010.623 55424.5   20.98   20.98   20.98   12.30   13.24   13.24 2010    8   16
2010.626 55425.5   17.98   17.98   17.98    9.30   10.22   10.22 2010    8   17
2010.629 55426.5   18.08   18.08   18.08    9.39   10.31   10.31 2010    8   18
2010.631 55427.5   15.45   15.45   15.45    6.75    7.66    7.66 2010    8   19
2010.634 55428.5   12.97   12.97   12.97    4.27    5.18    5.18 2010    8   20
2010.637 55429.5   12.74   12.74   12.74    4.04    4.94    4.94 2010    8   21
2010.640 55430.5    8.34    8.34    8.34   -0.37    0.54    0.54 2010    8   22
2010.642 55431.5    6.98    6.98    6.98   -1.74   -0.83   -0.83 2010    8   23
2010.645 55432.5    7.64    7.64    7.64   -1.09   -0.20   -0.20 2010    8   24
2010.648 55433.5   10.08   10.08   10.08    1.34    2.25    2.25 2010    8   25
2010.651 55434.5    6.87    6.87    6.87   -1.87   -0.97   -0.97 2010    8   26
2010.653 55435.5    9.16    9.16    9.16    0.41    1.31    1.31 2010    8   27
2010.656 55436.5   10.05   10.05   10.05    1.30    2.22    2.22 2010    8   28
2010.659 55437.5   14.23   14.23   14.23    5.47    6.39    6.39 2010    8   29
2010.662 55438.5   13.57   13.57   13.57    4.80    5.72    5.72 2010    8   30
2010.664 55439.5   12.49   12.49   12.49    3.72    4.65    4.65 2010    8   31
2010.667 55440.5   14.24   14.24   14.24    5.46    6.38    6.38 2010    9    1
2010.670 55441.5    3.72    3.72    3.72   -5.06   -4.14   -4.14 2010    9    2
2010.673 55442.5   13.18   13.18   13.18    4.39    5.31    5.31 2010    9    3
2010.675 55443.5    9.17    9.17    9.17    0.37    1.29    1.29 2010    9    4
2010.678 55444.5    8.68    8.68    8.68   -0.12    0.80    0.80 2010    9    5
2010.681 55445.5   16.92   16.92   16.92    8.10    9.00    9.00 2010    9    6
2010.684 55446.5   11.74   11.74   11.74    2.92    3.78    3.78 2010    9    7
2010.686 55447.5   14.15   14.15   14.15    5.33    6.19    6.19 2010    9    8
2010.689 55448.5   11.36   11.36   11.36    2.53    3.40    3.40 2010    9    9
2010.692 55449.5   14.48   14.48   14.48    5.64    6.51    6.51 2010    9   10
2010.695 55450.5   15.19   15.19   15.19    6.34    7.20    7.20 2010    9   11
2010.697 55451.5   15.48   15.48   15.48    6.63    7.48    7.48 2010    9   12
2010.700 55452.5    4.05    4.05    4.05   -4.80   -3.96   -3.96 2010    9   13
2010.703 55453.5    7.95    7.95    7.95   -0.92   -0.08   -0.08 2010    9   14
2010.705 55454.5   16.71   16.71   16.71    7.84    8.67    8.67 2010    9   15
2010.708 55455.5   19.45   19.45   19.45   10.57   11.38   11.38 2010    9   16
2010.711 55456.5   12.14   12.14   12.14    3.25    4.08    4.08 2010    9   17
2010.714 55457.5   17.29   17.29   17.29    8.40    9.23    9.23 2010    9   18
2010.716 55458.5   15.25   15.25   15.25    6.35    7.18    7.18 2010    9   19
2010.719 55459.5    8.54    8.54    8.54   -0.37    0.49    0.49 2010    9   20
2010.722 55460.5    4.59    4.59    4.59   -4.32   -3.47   -3.47 2010    9   21
2010.725 55461.5    5.94    5.94    5.94   -2.98   -2.14   -2.14 2010    9   22
2010.727 55462.5    4.29    4.29    4.29   -4.63   -3.81   -3.81 2010    9   23
2010.730 55463.5    1.76    1.76    1.76   -7.17   -6.34   -6.34 2010    9   24
2010.733 55464.5    8.70    8.70    8.70   -0.24    0.59    0.59 2010    9   25
2010.736 55465.5   10.36   10.36   10.36    1.42    2.24    2.24 2010    9   26
2010.738 55466.5    8.21    8.21    8.21   -0.74    0.09    0.09 2010    9   27
2010.741 55467.5    6.07    6.07    6.07   -2.89   -2.09   -2.09 2010    9   28
2010.744 55468.5    4.51    4.51    4.51   -4.46   -3.67   -3.67 2010    9   29
2010.747 55469.5    1.49    1.49    1.49   -7.48   -6.71   -6.71 2010    9   30
2010.749 55470.5    5.03    5.03    5.03   -3.95   -3.15   -3.15 2010   10    1
2010.752 55471.5    8.35    8.35    8.35   -0.63    0.18    0.18 2010   10    2
2010.755 55472.5    8.38    8.38    8.38   -0.61    0.20    0.20 2010   10    3
2010.758 55473.5    8.18    8.18    8.18   -0.82    0.01    0.01 2010   10    4
2010.760 55474.5    4.97    4.97    4.97   -4.04   -3.21   -3.21 2010   10    5
2010.763 55475.5    3.47    3.47    3.47   -5.54   -4.72   -4.72 2010   10    6
2010.766 55476.5    6.89    6.89    6.89   -2.12   -1.33   -1.33 2010   10    7
2010.768 55477.5   10.59   10.59   10.59    1.57    2.38    2.38 2010   10    8
2010.771 55478.5    8.19    8.19    8.19   -0.84    0.00    0.00 2010   10    9
2010.774 55479.5    7.69    7.69    7.69   -1.35   -0.49   -0.49 2010   10   10
2010.777 55480.5    9.56    9.56    9.56    0.52    1.36    1.36 2010   10   11
2010.779 55481.5    2.40    2.40    2.40   -6.65   -5.82   -5.82 2010   10   12
2010.782 55482.5   11.47   11.47   11.47    2.41    3.21    3.21 2010   10   13
2010.785 55483.5    8.57    8.57    8.57   -0.50    0.27    0.27 2010   10   14
2010.788 55484.5    7.01    7.01    7.01   -2.06   -1.31   -1.31 2010   10   15
2010.790 55485.5    4.08    4.08    4.08   -5.00   -4.26   -4.26 2010   10   16
2010.793 55486.5    3.59    3.59    3.59   -5.49   -4.76   -4.76 2010   10   17
2010.796 55487.5    2.48    2.48    2.48   -6.61   -5.88   -5.88 2010   10   18
2010.799 55488.5    1.54    1.54    1.54   -7.56   -6.86   -6.86 2010   10   19
2010.801 55489.5    5.35    5.35    5.35   -3.76   -3.08   -3.08 2010   10   20
2010.804 55490.5    5.40    5.40    5.40   -3.71   -3.04   -3.04 2010   10   21
2010.807 55491.5    6.98    6.98    6.98   -2.14   -1.49   -1.49 2010   10   22
2010.810 55492.5    6.93    6.93    6.93   -2.19   -1.54   -1.54 2010   10   23
2010.812 55493.5    1.54    1.54    1.54   -7.59   -6.96   -6.96 2010   10   24
2010.815 55494.5    0.14    0.14    0.14   -8.99   -8.39   -8.39 2010   10   25
2010.818 55495.5   -1.24   -1.24   -1.24  -10.38   -9.77   -9.77 2010   10   26
2010.821 55496.5   -1.92   -1.92   -1.92  -11.07  -10.45  -10.45 2010   10   27
2010.823 55497.5   -1.19   -1.19   -1.19  -10.35   -9.76   -9.76 2010   10   28
2010.826 55498.5    0.56    0.56    0.56   -8.60   -8.04   -8.04 2010   10   29
2010.829 55499.5   -0.39   -0.39   -0.39   -9.56   -9.02   -9.02 2010   10   30
2010.832 55500.5   -0.42   -0.42   -0.42   -9.60   -9.06   -9.06 2010   10   31
2010.834 55501.5   -3.80   -3.80   -3.80  -12.98  -12.45  -12.45 2010   11    1
2010.837 55502.5   -0.68   -0.68   -0.68   -9.87   -9.36   -9.36 2010   11    2
2010.840 55503.5    3.78    3.78    3.78   -5.42   -4.93   -4.93 2010   11    3
2010.842 55504.5    3.78    3.78    3.78   -5.43   -4.93   -4.93 2010   11    4
2010.845 55505.5    4.97    4.97    4.97   -4.24   -3.77   -3.77 2010   11    5
2010.848 55506.5    3.20    3.20    3.20   -6.02   -5.56   -5.56 2010   11    6
2010.851 55507.5   -1.68   -1.68   -1.68  -10.91  -10.48  -10.48 2010   11    7
2010.853 55508.5   -4.96   -4.96   -4.96  -14.19  -13.79  -13.79 2010   11    8
2010.856 55509.5    0.61    0.61    0.61   -8.62   -8.23   -8.23 2010   11    9
2010.859 55510.5   -1.02   -1.02   -1.02  -10.27   -9.90   -9.90 2010   11   10
2010.862 55511.5   10.74   10.74   10.74    1.49    1.83    1.83 2010   11   11
2010.864 55512.5    2.08    2.08    2.08   -7.18   -6.84   -6.84 2010   11   12
2010.867 55513.5   -8.74   -8.74   -0.26   -9.52   -9.20   -9.20 2010   11   13
2010.870 55514.5   -9.72   -9.72   -2.59  -11.87  -11.54  -11.54 2010   11   14
2010.873 55515.5   -4.93   -4.93   -4.93  -14.21  -13.89  -13.89 2010   11   15
2010.875 55516.5    0.91    0.91    0.91   -8.38   -8.10   -8.10 2010   11   16
2010.878 55517.5    7.32    7.32    7.32   -1.97   -1.71   -1.71 2010   11   17
2010.881 55518.5    2.16    2.16    2.16   -7.14   -6.91   -6.91 2010   11   18
2010.884 55519.5   11.77   11.77   11.77    2.46    2.69    2.69 2010   11   19
2010.886 55520.5   10.11   10.11   10.11    0.80    1.02    1.02 2010   11   20
2010.889 55521.5    4.38    4.38    4.38   -4.94   -4.72   -4.72 2010   11   21
2010.892 55522.5    4.09    4.09    4.09   -5.24   -5.05   -5.05 2010   11   22
2010.895 55523.5    1.29    1.29    1.29   -8.04   -7.86   -7.86 2010   11   23
2010.897 55524.5   -5.15   -5.15   -5.15  -14.48  -14.32  -14.32 2010   11   24
2010.900 55525.5    2.02    2.02    2.02   -7.33   -7.16   -7.16 2010   11   25
2010.903 55526.5    9.46    9.46    9.46    0.11    0.27    0.27 2010   11   26
2010.906 55527.5   -0.27   -0.27   -0.27   -9.63   -9.48   -9.48 2010   11   27
2010.908 55528.5    3.78    3.78    3.78   -5.59   -5.43   -5.43 2010   11   28
2010.911 55529.5    3.68    3.68    3.68   -5.69   -5.56   -5.56 2010   11   29
2010.914 55530.5    7.78    7.78    7.78   -1.60   -1.50   -1.50 2010   11   30
2010.916 55531.5    6.62    6.62    6.62   -2.76   -2.69   -2.69 2010   12    1
2010.919 55532.5    3.79    3.79    3.79   -5.60   -5.58   -5.58 2010   12    2
2010.922 55533.5   10.81   10.81   10.81    1.41    1.40    1.40 2010   12    3
2010.925 55534.5   13.06   13.06   13.06    3.65    3.64    3.64 2010   12    4
2010.927 55535.5    0.78    0.78    0.78   -8.63   -8.69   -8.69 2010   12    5
2010.930 55536.5    1.08    1.08    1.08   -8.34   -8.43   -8.43 2010   12    6
2010.933 55537.5    4.40    4.40    4.40   -5.03   -5.16   -5.16 2010   12    7
2010.936 55538.5   10.00   10.00   10.00    0.57    0.41    0.41 2010   12    8
2010.938 55539.5   10.88   10.88   10.88    1.44    1.28    1.28 2010   12    9
2010.941 55540.5    6.37    6.37    6.37   -3.07   -3.26   -3.26 2010   12   10
2010.944 55541.5   11.26   11.26   11.26    1.81    1.60    1.60 2010   12   11
2010.947 55542.5    3.30    3.30    3.30   -6.16   -6.37   -6.37 2010   12   12
2010.949 55543.5    4.17    4.17    4.17   -5.30   -5.57   -5.57 2010   12   13
2010.952 55544.5    2.83    2.83    2.83   -6.65   -6.97   -6.97 2010   12   14
2010.955 55545.5    4.75    4.75    4.75   -4.74   -5.08   -5.08 2010   12   15
2010.958 55546.5    9.28    9.28    9.28   -0.21   -0.55   -0.55 2010   12   16
2010.960 55547.5    8.68    8.68    8.68   -0.82   -1.18   -1.18 2010   12   17
2010.963 55548.5    8.08    8.08    8.08   -1.42   -1.80   -1.80 2010   12   18
2010.966 55549.5    5.05    5.05    5.05   -4.46   -4.86   -4.86 2010   12   19
2010.969 55550.5    6.27    6.27    6.27   -3.24   -3.65   -3.65 2010   12   20
2010.971 55551.5    5.70    5.70    5.70   -3.82   -4.24   -4.24 2010   12   21
2010.974 55552.5    0.72    0.72    0.72   -8.81   -9.25   -9.25 2010   12   22
2010.977 55553.5   -0.84   -0.84   -0.84  -10.37  -10.84  -10.84 2010   12   23
2010.979 55554.5    6.37    6.37    6.37   -3.18   -3.66   -3.66 2010   12   24
2010.982 55555.5    3.31    3.31    3.31   -6.24   -6.74   -6.74 2010   12   25
2010.985 55556.5   11.19   11.19   11.19    1.63    1.12    1.12 2010   12   26
2010.988 55557.5   11.68   11.68   11.68    2.11    1.60    1.60 2010   12   27
2010.990 55558.5    5.51    5.51    5.51   -4.06   -4.60   -4.60 2010   12   28
2010.993 55559.5    2.09    2.09    2.09   -7.49   -8.01   -8.01 2010   12   29
2010.996 55560.5    4.33    4.33    4.33   -5.25   -5.76   -5.76 2010   12   30
2010.999 55561.5    1.31    1.31    1.31   -8.28   -8.79   -8.79 2010   12   31
2011.001 55562.5   -4.07   -4.07   -4.07  -13.67  -14.23  -14.23 2011    1    1
2011.004 55563.5   -0.08   -0.08   -0.08   -9.69  -10.24  -10.24 2011    1    2
2011.007 55564.5   -0.61   -0.61   -0.61  -10.22  -10.77  -10.77 2011    1    3
2011.010 55565.5   -1.21   -1.21   -1.21  -10.83  -11.39  -11.39 2011    1    4
2011.012 55566.5   -3.42   -3.42   -3.42  -13.05  -13.63  -13.63 2011    1    5
2011.015 55567.5   -4.01   -4.01   -4.01  -13.64  -14.24  -14.24 2011    1    6
2011.018 55568.5   -1.13   -1.13   -1.13  -10.77  -11.43  -11.43 2011    1    7
2011.021 55569.5   -2.88   -2.88   -2.88  -12.53  -13.20  -13.20 2011    1    8
2011.023 55570.5   -0.55   -0.55   -0.55  -10.20  -10.87  -10.87 2011    1    9
2011.026 55571.5    3.97    3.97    3.97   -5.69   -6.38   -6.38 2011    1   10
2011.029 55572.5    3.19    3.19    3.19   -6.48   -7.19   -7.19 2011    1   11
2011.031 55573.5    4.36    4.36    4.36   -5.32   -6.07   -6.07 2011    1   12
2011.034 55574.5   -1.47   -1.47   -1.47  -11.15  -11.93  -11.93 2011    1   13
2011.037 55575.5   -3.42   -3.42   -3.42  -13.11  -13.90  -13.90 2011    1   14
2011.040 55576.5   -4.05   -4.05   -4.05  -13.74  -14.56  -14.56 2011    1   15
2011.042 55577.5   -0.44   -0.44   -0.44  -10.14  -10.97  -10.97 2011    1   16
2011.045 55578.5   -1.03   -1.03   -1.03  -10.74  -11.58  -11.58 2011    1   17
2011.048 55579.5   -1.47   -1.47   -1.47  -11.19  -12.00  -12.00 2011    1   18
2011.051 55580.5   -0.12   -0.12   -0.12   -9.84  -10.71  -10.71 2011    1   19
2011.053 55581.5    0.24    0.24    0.24   -9.49  -10.39  -10.39 2011    1   20
2011.056 55582.5   -1.23   -1.23   -1.23  -10.97  -11.91  -11.91 2011    1   21
2011.059 55583.5   -3.77   -3.77   -3.77  -13.51  -14.48  -14.48 2011    1   22
2011.062 55584.5  -10.12  -10.12  -10.12  -19.87  -20.86  -14.89 2011    1   23
2011.064 55585.5   -4.55   -4.55   -4.55  -14.31  -15.31  -15.31 2011    1   24
2011.067 55586.5   -6.81   -6.81   -6.81  -16.57  -17.61  -17.61 2011    1   25
2011.070 55587.5   -7.99   -7.99   -7.99  -17.75  -18.80  -18.80 2011    1   26
2011.073 55588.5   -6.34   -6.34   -6.34  -16.12  -17.18  -17.18 2011    1   27
2011.075 55589.5   -4.90   -4.90   -4.90  -14.68  -15.75  -15.75 2011    1   28
2011.078 55590.5   -1.87   -1.87   -1.87  -11.66  -12.73  -12.73 2011    1   29
2011.081 55591.5    0.58    0.58    0.58   -9.21  -10.26  -10.26 2011    1   30
2011.084 55592.5    3.03    3.03    3.03   -6.77   -7.83   -7.83 2011    1   31
2011.086 55593.5   10.08   10.08   10.08    0.27   -0.76   -0.76 2011    2    1
2011.089 55594.5    4.05    4.05    4.05   -5.77   -6.81   -6.81 2011    2    2
2011.092 55595.5    7.45    7.45    7.45   -2.37   -3.41   -3.41 2011    2    3
2011.094 55596.5    6.68    6.68    6.68   -3.15   -4.17   -4.17 2011    2    4
2011.097 55597.5    6.88    6.88    6.88   -2.96   -4.01   -4.01 2011    2    5
2011.100 55598.5    6.60    6.60    6.60   -3.24   -4.29   -4.29 2011    2    6
2011.103 55599.5    9.66    9.66    9.66   -0.19   -1.26   -1.26 2011    2    7
2011.105 55600.5    8.95    8.95    8.95   -0.90   -2.00   -2.00 2011    2    8
2011.108 55601.5    3.21    3.21    3.21   -6.66   -7.73   -7.73 2011    2    9
2011.111 55602.5    0.28    0.28    0.28   -9.60  -10.66  -10.66 2011    2   10
2011.114 55603.5    2.94    2.94    2.94   -6.94   -7.97   -7.97 2011    2   11
2011.116 55604.5    1.09    1.09    1.09   -8.79   -9.80   -9.80 2011    2   12
2011.119 55605.5   -1.46   -1.46   -1.46  -11.35  -12.39  -12.39 2011    2   13
2011.122 55606.5    2.43    2.43    2.43   -7.47   -8.51   -8.51 2011    2   14
2011.125 55607.5    0.55    0.55    0.55   -9.36  -10.38  -10.38 2011    2   15
2011.127 55608.5    4.91    4.91    4.91   -5.01   -6.02   -6.02 2011    2   16
2011.130 55609.5    6.87    6.87    6.87   -3.05   -4.07   -4.07 2011    2   17
2011.133 55610.5    5.31    5.31    5.31   -4.62   -5.61   -5.61 2011    2   18
2011.136 55611.5    4.28    4.28    4.28   -5.66   -6.65   -6.65 2011    2   19
2011.138 55612.5    4.08    4.08    4.08   -5.86   -6.86   -6.86 2011    2   20
2011.141 55613.5    6.26    6.26    6.26   -3.69   -4.69   -4.69 2011    2   21
2011.144 55614.5   13.17   13.17   13.17    3.21    2.19    2.19 2011    2   22
2011.147 55615.5   12.19   12.19   12.19    2.23    1.18    1.18 2011    2   23
2011.149 55616.5   10.07   10.07   10.07    0.10   -0.95   -0.95 2011    2   24
2011.152 55617.5    8.99    8.99    8.99   -0.98   -2.06   -2.06 2011    2   25
2011.155 55618.5   -0.30   -0.30   -0.30  -10.28  -11.36  -11.36 2011    2   26
2011.158 55619.5    5.42    5.42    5.42   -4.57   -5.66   -5.66 2011    2   27
2011.160 55620.5    7.28    7.28    7.28   -2.72   -3.82   -3.82 2011    2   28
2011.163 55621.5    9.41    9.41    9.41   -0.60   -1.70   -1.70 2011    3    1
2011.166 55622.5   11.06   11.06   11.06    1.05   -0.05   -0.05 2011    3    2
2011.168 55623.5    5.41    5.41    5.41   -4.61   -5.71   -5.71 2011    3    3
2011.171 55624.5    8.25    8.25    8.25   -1.78   -2.90   -2.90 2011    3    4
2011.174 55625.5    7.26    7.26    7.26   -2.78   -3.89   -3.89 2011    3    5
2011.177 55626.5    4.42    4.42    4.42   -5.62   -6.75   -6.75 2011    3    6
2011.179 55627.5    9.97    9.97    9.97   -0.07   -1.23   -1.23 2011    3    7
2011.182 55628.5    8.61    8.61    8.61   -1.44   -2.60   -2.60 2011    3    8
2011.185 55629.5    4.98    4.98    4.98   -5.08   -6.25   -6.25 2011    3    9
2011.188 55630.5   10.67   10.67   10.67    0.60   -0.56   -0.56 2011    3   10
2011.190 55631.5   16.35   16.35   16.35    6.28    5.13    5.13 2011    3   11
2011.193 55632.5   14.27   14.27   14.27    4.18    3.07    3.07 2011    3   12
2011.196 55633.5    9.75    9.75    9.75   -0.34   -1.43   -1.43 2011    3   13
2011.199 55634.5    9.11    9.11    9.11   -0.99   -2.07   -2.07 2011    3   14
2011.201 55635.5   10.28   10.28   10.28    0.18   -0.92   -0.92 2011    3   15
2011.204 55636.5   14.80   14.80   14.80    4.69    3.59    3.59 2011    3   16
2011.207 55637.5   14.74   14.74   14.74    4.62    3.53    3.53 2011    3   17
2011.210 55638.5   16.49   16.49   16.49    6.37    5.29    5.29 2011    3   18
2011.212 55639.5   14.61   14.61   14.61    4.48    3.42    3.42 2011    3   19
2011.215 55640.5   15.39   15.39   15.39    5.25    4.22    4.22 2011    3   20
2011.218 55641.5    7.93    7.93    7.93   -2.22   -3.22   -3.22 2011    3   21
2011.221 55642.5   10.19   10.19   10.19    0.04   -0.97   -0.97 2011    3   22
2011.223 55643.5    6.79    6.79    6.79   -3.37   -4.39   -4.39 2011    3   23
2011.226 55644.5    5.86    5.86    5.86   -4.31   -5.34   -5.34 2011    3   24
2011.229 55645.5    8.00    8.00    8.00   -2.18   -3.21   -3.21 2011    3   25
2011.232 55646.5    8.00    8.00    8.00   -2.18   -3.24   -3.24 2011    3   26
2011.234 55647.5    8.00    8.00    8.00   -2.19   -3.23   -3.23 2011    3   27
2011.237 55648.5    6.93    6.93    6.93   -3.27   -4.31   -4.31 2011    3   28
2011.240 55649.5   12.16   12.16   12.16    1.95    0.90    0.90 2011    3   29
2011.242 55650.5    8.32    8.32    8.32   -1.89   -2.97   -2.97 2011    3   30
2011.245 55651.5   13.14   13.14   13.14    2.92    1.84    1.84 2011    3   31
2011.248 55652.5    4.90    4.90    4.90   -5.32   -6.41   -6.41 2011    4    1
2011.251 55653.5    5.29    5.29    5.29   -4.94   -6.03   -6.03 2011    4    2
2011.253 55654.5    7.81    7.81    7.81   -2.43   -3.51   -3.51 2011    4    3
2011.256 55655.5   10.34   10.34   10.34    0.09   -0.97   -0.97 2011    4    4
2011.259 55656.5   10.90   10.90   10.90    0.64   -0.42   -0.42 2011    4    5
2011.262 55657.5   12.33   12.33   12.33    2.07    0.98    0.98 2011    4    6
2011.264 55658.5   14.18   14.18   14.18    3.92    2.82    2.82 2011    4    7
2011.267 55659.5    8.04    8.04    8.04   -2.23   -3.33   -3.33 2011    4    8
2011.270 55660.5    3.25    3.25    3.25   -7.03   -8.11   -8.11 2011    4    9
2011.273 55661.5    8.53    8.53    8.53   -1.76   -2.84   -2.84 2011    4   10
2011.275 55662.5   12.60   12.60   12.60    2.30    1.23    1.23 2011    4   11
2011.278 55663.5   12.61   12.61   12.61    2.31    1.23    1.23 2011    4   12
2011.281 55664.5   15.35   15.35   15.35    5.04    3.95    3.95 2011    4   13
2011.284 55665.5   17.49   17.49   17.49    7.18    6.09    6.09 2011    4   14
2011.286 55666.5   17.91   17.91   17.91    7.59    6.50    6.50 2011    4   15
2011.289 55667.5   12.44   12.44   12.44    2.11    1.01    1.01 2011    4   16
2011.292 55668.5   10.91   10.91   10.91    0.58   -0.54   -0.54 2011    4   17
2011.295 55669.5   13.06   13.06   13.06    2.72    1.60    1.60 2011    4   18
2011.297 55670.5   19.46   19.46   19.46    9.11    7.98    7.98 2011    4   19
2011.300 55671.5   15.76   15.76   15.76    5.40    4.26    4.26 2011    4   20
2011.303 55672.5    4.29    4.29    4.29   -6.08   -7.21   -7.21 2011    4   21
2011.305 55673.5   15.92   15.92   15.92    5.54    4.42    4.42 2011    4   22
2011.308 55674.5    7.72    7.72    7.72   -2.66   -3.79   -3.79 2011    4   23
2011.311 55675.5   19.95   19.95   19.95    9.57    8.44    8.44 2011    4   24
2011.314 55676.5   16.22   16.22   16.22    5.83    4.69    4.69 2011    4   25
2011.316 55677.5   11.91   11.91   11.91    1.51    0.35    0.35 2011    4   26
2011.319 55678.5   13.67   13.67   13.67    3.26    2.08    2.08 2011    4   27
2011.322 55679.5   21.67   21.67   21.67   11.26   10.06   10.06 2011    4   28
2011.325 55680.5   19.63   19.63   19.63    9.21    7.99    7.99 2011    4   29
2011.327 55681.5   18.79   18.79   18.79    8.36    7.13    7.13 2011    4   30
2011.330 55682.5   17.20   17.20   17.20    6.76    5.51    5.51 2011    5    1
2011.333 55683.5   17.59   17.59   17.59    7.14    5.89    5.89 2011    5    2
2011.336 55684.5   19.62   19.62   19.62    9.17    7.90    7.90 2011    5    3
2011.338 55685.5   21.37   21.37   21.37   10.92    9.63    9.63 2011    5    4
2011.341 55686.5   18.38   18.38   18.38    7.91    6.62    6.62 2011    5    5
2011.344 55687.5   25.64   25.64   25.64   15.17   13.87   13.87 2011    5    6
2011.347 55688.5   21.01   21.01   21.01   10.53    9.22    9.22 2011    5    7
2011.349 55689.5   23.35   23.35   23.35   12.86   11.56   11.56 2011    5    8
2011.352 55690.5   25.69   25.69   25.69   15.20   13.87   13.87 2011    5    9
2011.355 55691.5   18.75   18.75   18.75    8.25    6.90    6.90 2011    5   10
2011.358 55692.5   21.58   21.58   21.58   11.07    9.71    9.71 2011    5   11
2011.360 55693.5   21.30   21.30   21.30   10.78    9.41    9.41 2011    5   12
2011.363 55694.5   13.25   13.25   13.25    2.73    1.37    1.37 2011    5   13
2011.366 55695.5   16.08   16.08   16.08    5.56    4.19    4.19 2011    5   14
2011.369 55696.5    9.47    9.47    9.47   -1.07   -2.45   -2.45 2011    5   15
2011.371 55697.5   13.40   13.40   13.40    2.86    1.46    1.46 2011    5   16
2011.374 55698.5   27.81   27.81   27.81   17.26   15.84   15.84 2011    5   17
2011.377 55699.5   13.79   13.79   13.79    3.23    1.81    1.81 2011    5   18
2011.379 55700.5   23.27   23.27   23.27   12.70   11.28   11.28 2011    5   19
2011.382 55701.5   10.84   10.84   10.84    0.27   -1.16   -1.16 2011    5   20
2011.385 55702.5   14.86   14.86   14.86    4.28    2.86    2.86 2011    5   21
2011.388 55703.5   13.10   13.10   13.10    2.52    1.11    1.11 2011    5   22
2011.390 55704.5   19.92   19.92   19.92    9.33    7.92    7.92 2011    5   23
2011.393 55705.5   14.38   14.38   14.38    3.77    2.36    2.36 2011    5   24
2011.396 55706.5   18.55   18.55   18.55    7.94    6.51    6.51 2011    5   25
2011.399 55707.5   13.72   13.72   13.72    3.11    1.64    1.64 2011    5   26
2011.401 55708.5   14.89   14.89   14.89    4.27    2.79    2.79 2011    5   27
2011.404 55709.5   17.36   17.36   17.36    6.73    5.27    5.27 2011    5   28
2011.407 55710.5   16.09   16.09   16.09    5.46    3.97    3.97 2011    5   29
2011.410 55711.5   17.00   17.00   17.00    6.35    4.87    4.87 2011    5   30
2011.412 55712.5   24.03   24.03   24.03   13.38   11.91   11.91 2011    5   31
2011.415 55713.5   19.96   19.96   19.96    9.30    7.85    7.85 2011    6    1
2011.418 55714.5   25.99   25.99   25.99   15.33   13.89   13.89 2011    6    2
2011.421 55715.5   17.98   17.98   17.98    7.31    5.87    5.87 2011    6    3
2011.423 55716.5   15.34   15.34   15.34    4.66    3.24    3.24 2011    6    4
2011.426 55717.5   24.99   24.99   24.99   14.30   12.92   12.92 2011    6    5
2011.429 55718.5   24.11   24.11   24.11   13.41   12.04   12.04 2011    6    6
2011.432 55719.5   23.69   23.69   23.69   12.99   11.62   11.62 2011    6    7
2011.434 55720.5   20.75   20.75   20.75   10.04    8.70    8.70 2011    6    8
2011.437 55721.5   18.41   18.41   18.41    7.69    6.38    6.38 2011    6    9
2011.440 55722.5   23.00   23.00   23.00   12.27   11.00   11.00 2011    6   10
2011.443 55723.5   15.21   15.21   15.21    4.48    3.23    3.23 2011    6   11
2011.445 55724.5   22.41   22.41   22.41   11.67   10.44   10.44 2011    6   12
2011.448 55725.5   27.89   27.89   27.89   17.15   15.93   15.93 2011    6   13
2011.451 55726.5   40.89   40.89   29.21   18.46   17.26   17.26 2011    6   14
2011.453 55727.5   30.53   30.53   30.53   19.77   18.59   18.59 2011    6   15
2011.456 55728.5   27.50   27.50   27.50   16.73   15.59   15.59 2011    6   16
2011.459 55729.5   21.90   21.90   21.90   11.13   10.02   10.02 2011    6   17
2011.462 55730.5   22.69   22.69   22.69   11.91   10.83   10.83 2011    6   18
2011.464 55731.5   22.67   22.67   22.67   11.89   10.85   10.85 2011    6   19
2011.467 55732.5   21.84   21.84   21.84   11.04   10.02   10.02 2011    6   20
2011.470 55733.5   32.98   32.98   25.84   15.04   14.05   14.05 2011    6   21
2011.473 55734.5   29.85   29.85   29.85   19.04   18.07   18.07 2011    6   22
2011.475 55735.5   32.19   32.19   32.19   21.37   20.41   14.16 2011    6   23
2011.478 55736.5   22.03   22.03   22.03   11.20   10.25   10.25 2011    6   24
2011.481 55737.5   21.49   21.49   21.49   10.66    9.73    9.73 2011    6   25
2011.484 55738.5   23.72   23.72   23.72   12.89   11.97   11.97 2011    6   26
2011.486 55739.5   25.97   25.97   25.97   15.12   14.25   14.25 2011    6   27
2011.489 55740.5   28.07   28.07   28.07   17.21   16.37   16.37 2011    6   28
2011.492 55741.5   17.65   17.65   17.65    6.79    5.97    5.97 2011    6   29
2011.495 55742.5   13.44   13.44   13.44    2.57    1.77    1.77 2011    6   30
2011.497 55743.5   27.12   27.12   27.12   16.25   15.47   15.47 2011    7    1
2011.500 55744.5   30.69   30.69   30.69   19.81   19.04   19.04 2011    7    2
2011.503 55745.5   21.83   21.83   21.83   10.94   10.17   10.17 2011    7    3
2011.505 55746.5   29.26   29.26   29.26   18.36   17.60   17.60 2011    7    4
2011.508 55747.5   31.15   31.15   31.15   20.24   19.49   19.49 2011    7    5
2011.511 55748.5   34.94   34.94   28.14   17.23   16.48   16.48 2011    7    6
2011.514 55749.5   25.13   25.13   25.13   14.21   13.46   13.46 2011    7    7
2011.516 55750.5   30.37   30.37   30.37   19.44   18.69   18.69 2011    7    8
2011.519 55751.5   23.40   23.40   23.40   12.46   11.71   11.71 2011    7    9
2011.522 55752.5   25.94   25.94   25.94   15.00   14.25   14.25 2011    7   10
2011.525 55753.5   28.19   28.19   28.19   17.24   16.49   16.49 2011    7   11
2011.527 55754.5   25.93   25.93   25.93   14.98   14.25   14.25 2011    7   12
2011.530 55755.5   23.10   23.10   23.10   12.14   11.42   11.42 2011    7   13
2011.533 55756.5   21.54   21.54   21.54   10.57    9.87    9.87 2011    7   14
2011.536 55757.5   20.50   20.50   20.50    9.52    8.83    8.83 2011    7   15
2011.538 55758.5   23.58   23.58   23.58   12.59   11.90   11.90 2011    7   16
2011.541 55759.5   24.18   24.18   24.18   13.19   12.49   12.49 2011    7   17
2011.544 55760.5   20.17   20.17   20.17    9.18    8.48    8.48 2011    7   18
2011.547 55761.5   16.75   16.75   16.75    5.75    5.06    5.06 2011    7   19
2011.549 55762.5   30.59   30.59   30.59   19.57   18.89   18.89 2011    7   20
2011.552 55763.5   22.48   22.48   22.48   11.46   10.78   10.78 2011    7   21
2011.555 55764.5   26.27   26.27   26.27   15.24   14.58   14.58 2011    7   22
2011.557 55765.5   22.82   22.82   22.82   11.79   11.12   11.12 2011    7   23
2011.560 55766.5   18.54   18.54   18.54    7.49    6.83    6.83 2011    7   24
2011.563 55767.5   17.76   17.76   17.76    6.71    6.02    6.02 2011    7   25
2011.566 55768.5   26.85   26.85   26.85   15.79   15.10   15.10 2011    7   26
2011.568 55769.5   23.28   23.28   23.28   12.22   11.51   11.51 2011    7   27
2011.571 55770.5   21.56   21.56   21.56   10.49    9.77    9.77 2011    7   28
2011.574 55771.5   20.49   20.49   20.49    9.41    8.68    8.68 2011    7   29
2011.577 55772.5   16.50   16.50   16.50    5.41    4.68    4.68 2011    7   30
2011.579 55773.5   22.17   22.17   22.17   11.07   10.34   10.34 2011    7   31
2011.582 55774.5   21.52   21.52   21.52   10.42    9.70    9.70 2011    8    1
2011.585 55775.5   11.01   11.01   11.01   -0.10   -0.81   -0.81 2011    8    2
2011.588 55776.5   24.96   24.96   24.96   13.84   13.17   13.17 2011    8    3
2011.590 55777.5   21.54   21.54   21.54   10.42    9.76    9.76 2011    8    4
2011.593 55778.5   17.09   17.09   17.09    5.96    5.33    5.33 2011    8    5
2011.596 55779.5   43.87   43.87   18.74    7.60    7.00    7.00 2011    8    6
2011.599 55780.5   20.39   20.39   20.39    9.24    8.67    8.67 2011    8    7
2011.601 55781.5   24.28   24.28   24.28   13.13   12.58   12.58 2011    8    8
2011.604 55782.5   25.18   25.18   25.18   14.02   13.51   13.51 2011    8    9
2011.607 55783.5   12.08   12.08   12.08    0.91    0.43    0.43 2011    8   10
2011.610 55784.5   24.44   24.44   24.44   13.27   12.80   12.80 2011    8   11
2011.612 55785.5   14.69   14.69   14.69    3.51    3.05    3.05 2011    8   12
2011.615 55786.5   15.08   15.08   15.08    3.89    3.45    3.45 2011    8   13
2011.618 55787.5   24.47   24.47   24.47   13.27   12.84   12.84 2011    8   14
2011.621 55788.5   19.19   19.19   19.19    7.99    7.56    7.56 2011    8   15
2011.623 55789.5   15.19   15.19   15.19    3.98    3.56    3.56 2011    8   16
2011.626 55790.5   17.73   17.73   17.73    6.51    6.11    6.11 2011    8   17
2011.629 55791.5   25.23   25.23   25.23   14.00   13.62   13.62 2011    8   18
2011.631 55792.5    7.28    7.28    7.28   -3.95   -4.31   -4.31 2011    8   19
2011.634 55793.5   15.18   15.18   15.18    3.94    3.60    3.60 2011    8   20
2011.637 55794.5   17.66   17.66   17.66    6.41    6.09    6.09 2011    8   21
2011.640 55795.5   13.52   13.52   13.52    2.27    1.97    1.97 2011    8   22
2011.642 55796.5   14.91   14.91   14.91    3.65    3.37    3.37 2011    8   23
2011.645 55797.5   21.50   21.50   21.50   10.23   10.00   10.00 2011    8   24
2011.648 55798.5   13.59   13.59   13.59    2.31    2.12    2.12 2011    8   25
2011.651 55799.5   17.38   17.38   17.38    6.10    5.94    5.94 2011    8   26
2011.653 55800.5   13.12   13.12   13.12    1.83    1.70    1.70 2011    8   27
2011.656 55801.5   18.13   18.13   18.13    6.83    6.71    6.71 2011    8   28
2011.659 55802.5   19.67   19.67   19.67    8.36    8.27    8.27 2011    8   29
2011.662 55803.5   17.47   17.47   17.47    6.16    6.09    6.09 2011    8   30
2011.664 55804.5   15.32   15.32   15.32    4.00    3.96    3.96 2011    8   31
2011.667 55805.5   29.58   29.58   14.51    3.18    3.18    3.18 2011    9    1
2011.670 55806.5   27.73   27.73   13.70    2.36    2.39    2.39 2011    9    2
2011.673 55807.5   12.89   12.89   12.89    1.54    1.60    1.60 2011    9    3
2011.675 55808.5   -0.09   -0.09   17.25    5.90    5.98    5.98 2011    9    4
2011.678 55809.5   21.62   21.62   21.62   10.26   10.36   10.36 2011    9    5
2011.681 55810.5   18.09   18.09   18.09    6.72    6.86    6.86 2011    9    6
2011.684 55811.5   18.39   18.39   18.39    7.01    7.18    7.18 2011    9    7
2011.686 55812.5   15.75   15.75   15.75    4.36    4.55    4.55 2011    9    8
2011.689 55813.5   10.40   10.40   10.40   -0.99   -0.76   -0.76 2011    9    9
2011.692 55814.5    3.71    3.71    3.71   -7.69   -7.41   -7.41 2011    9   10
2011.695 55815.5    9.66    9.66    9.66   -1.74   -1.42   -1.42 2011    9   11
2011.697 55816.5   12.89   12.89   12.89    1.48    1.83    1.83 2011    9   12
2011.700 55817.5   12.09   12.09   12.09    0.67    1.06    1.06 2011    9   13
2011.703 55818.5   12.19   12.19   12.19    0.76    1.19    1.19 2011    9   14
2011.705 55819.5   16.87   16.87   16.87    5.44    5.91    5.91 2011    9   15
2011.708 55820.5   15.50   15.50   15.50    4.06    4.58    4.58 2011    9   16
2011.711 55821.5   10.56   10.56   10.56   -0.89   -0.31   -0.31 2011    9   17
2011.714 55822.5    8.52    8.52    8.52   -2.94   -2.32   -2.32 2011    9   18
2011.716 55823.5    7.80    7.80    7.80   -3.66   -2.99   -2.99 2011    9   19
2011.719 55824.5   11.31   11.31   11.31   -0.17    0.53    0.53 2011    9   20
2011.722 55825.5   13.08   13.08   13.08    1.60    2.34    2.34 2011    9   21
2011.725 55826.5   11.53   11.53   11.53    0.04    0.81    0.81 2011    9   22
2011.727 55827.5    8.51    8.51    8.51   -2.98   -2.20   -2.20 2011    9   23
2011.730 55828.5   11.84   11.84   11.84    0.34    1.15    1.15 2011    9   24
2011.733 55829.5    7.54    7.54    7.54   -3.97   -3.13   -3.13 2011    9   25
2011.736 55830.5   12.60   12.60   12.60    1.08    1.96    1.96 2011    9   26
2011.738 55831.5   13.97   13.97   13.97    2.44    3.34    3.34 2011    9   27
2011.741 55832.5   17.56   17.56   17.56    6.02    6.96    6.96 2011    9   28
2011.744 55833.5    9.14    9.14    9.14   -2.40   -1.43   -1.43 2011    9   29
2011.747 55834.5    7.00    7.00    7.00   -4.55   -3.54   -3.54 2011    9   30
2011.749 55835.5    9.82    9.82    9.82   -1.74   -0.70   -0.70 2011   10    1
2011.752 55836.5    5.32    5.32    5.32   -6.24   -5.18   -5.18 2011   10    2
2011.755 55837.5    6.52    6.52    6.52   -5.05   -3.97   -3.97 2011   10    3
2011.758 55838.5    9.10    9.10    9.10   -2.48   -1.36   -1.36 2011   10    4
2011.760 55839.5   15.75   15.75   15.75    4.16    5.32    5.32 2011   10    5
2011.763 55840.5   10.72   10.72   10.72   -0.87    0.33    0.33 2011   10    6
2011.766 55841.5    8.29    8.29    8.29   -3.31   -2.06   -2.06 2011   10    7
2011.768 55842.5    8.97    8.97    8.97   -2.63   -1.36   -1.36 2011   10    8
2011.771 55843.5   10.58   10.58   10.58   -1.03    0.26    0.26 2011   10    9
2011.774 55844.5    8.45    8.45    8.45   -3.17   -1.85   -1.85 2011   10   10
2011.777 55845.5   11.66   11.66   11.66    0.03    1.40    1.40 2011   10   11
2011.779 55846.5    8.59    8.59    8.59   -3.05   -1.64   -1.64 2011   10   12
2011.782 55847.5   11.75   11.75   11.75    0.10    1.56    1.56 2011   10   13
2011.785 55848.5   13.39   13.39   13.39    1.74    3.25    3.25 2011   10   14
2011.788 55849.5   14.07   14.07   14.07    2.42    3.99    3.99 2011   10   15
2011.790 55850.5   12.57   12.57   12.57    0.90    2.51    2.51 2011   10   16
2011.793 55851.5    7.12    7.12    7.12   -4.56   -2.91   -2.91 2011   10   17
2011.796 55852.5    8.68    8.68    8.68   -3.00   -1.31   -1.31 2011   10   18
2011.799 55853.5    7.64    7.64    7.64   -4.05   -2.29   -2.29 2011   10   19
2011.801 55854.5    4.71    4.71    4.71   -6.99   -5.18   -5.18 2011   10   20
2011.804 55855.5    7.64    7.64    7.64   -4.06   -2.24   -2.24 2011   10   21
2011.807 55856.5   12.05   12.05   12.05    0.33    2.21    2.21 2011   10   22
2011.810 55857.5    7.49    7.49    7.49   -4.23   -2.33   -2.33 2011   10   23
2011.812 55858.5    7.17    7.17    7.17   -4.55   -2.59   -2.59 2011   10   24
2011.815 55859.5   10.29   10.29   10.29   -1.45    0.57    0.57 2011   10   25
2011.818 55860.5    8.37    8.37    8.37   -3.37   -1.31   -1.31 2011   10   26
2011.821 55861.5    7.69    7.69    7.69   -4.06   -1.96   -1.96 2011   10   27
2011.823 55862.5    9.46    9.46    9.46   -2.30   -0.13   -0.13 2011   10   28
2011.826 55863.5    7.60    7.60    7.60   -4.16   -1.93   -1.93 2011   10   29
2011.829 55864.5   10.21   10.21   10.21   -1.57    0.72    0.72 2011   10   30
2011.832 55865.5    1.20    1.20    1.20  -10.58   -8.24   -8.24 2011   10   31
2011.834 55866.5    4.82    4.82    4.82   -6.97   -4.57   -4.57 2011   11    1
2011.837 55867.5    8.61    8.61    8.61   -3.18   -0.72   -0.72 2011   11    2
2011.840 55868.5   11.19   11.19   11.19   -0.61    1.91    1.91 2011   11    3
2011.842 55869.5    9.14    9.14    9.14   -2.67   -0.09   -0.09 2011   11    4
2011.845 55870.5    9.69    9.69    9.69   -2.13    0.53    0.53 2011   11    5
2011.848 55871.5    3.37    3.37    3.37   -8.45   -5.73   -5.73 2011   11    6
2011.851 55872.5    8.75    8.75    8.75   -3.09   -0.29   -0.29 2011   11    7
2011.853 55873.5    7.55    7.55    7.55   -4.29   -1.41   -1.41 2011   11    8
2011.856 55874.5    6.30    6.30    6.30   -5.55   -2.61   -2.61 2011   11    9
2011.859 55875.5    5.62    5.62    5.62   -6.24   -3.23   -3.23 2011   11   10
2011.862 55876.5    9.21    9.21    9.21   -2.65    0.42    0.42 2011   11   11
2011.864 55877.5    6.49    6.49    6.49   -5.38   -2.27   -2.27 2011   11   12
2011.867 55878.5    7.37    7.37    7.37   -4.51   -1.34   -1.34 2011   11   13
2011.870 55879.5    6.49    6.49    6.49   -5.39   -2.20   -2.20 2011   11   14
2011.873 55880.5    4.79    4.79    4.79   -7.10   -3.86   -3.86 2011   11   15
2011.875 55881.5    5.20    5.20    5.20   -6.71   -3.38   -3.38 2011   11   16
2011.878 55882.5    8.21    8.21    8.21   -3.70   -0.33   -0.33 2011   11   17
2011.881 55883.5   10.06   10.06   10.06   -1.86    1.59    1.59 2011   11   18
2011.884 55884.5   11.26   11.26   11.26   -0.66    2.82    2.82 2011   11   19
2011.886 55885.5    7.66    7.66    7.66   -4.27   -0.75   -0.75 2011   11   20
2011.889 55886.5    6.79    6.79    6.79   -5.15   -1.58   -1.58 2011   11   21
2011.892 55887.5    9.43    9.43    9.43   -2.52    1.11    1.11 2011   11   22
2011.895 55888.5    9.42    9.42    9.42   -2.53    1.15    1.15 2011   11   23
2011.897 55889.5    9.36    9.36    9.36   -2.61    1.13    1.13 2011   11   24
2011.900 55890.5    9.29    9.29    9.29   -2.68    1.10    1.10 2011   11   25
2011.903 55891.5    8.98    8.98    8.98   -3.00    0.83    0.83 2011   11   26
2011.906 55892.5    8.20    8.20    8.20   -3.79    0.10    0.10 2011   11   27
2011.908 55893.5    5.68    5.68    5.68   -6.31   -2.37   -2.37 2011   11   28
2011.911 55894.5    3.14    3.14    3.14   -8.86   -4.87   -4.87 2011   11   29
2011.914 55895.5    3.39    3.39    3.39   -8.62   -4.55   -4.55 2011   11   30
2011.916 55896.5    3.64    3.64    3.64   -8.37   -4.24   -4.24 2011   12    1
2011.919 55897.5    6.48    6.48    6.48   -5.55   -1.34   -1.34 2011   12    2
2011.922 55898.5    6.05    6.05    6.05   -5.98   -1.72   -1.72 2011   12    3
2011.925 55899.5    3.51    3.51    3.51   -8.53   -4.21   -4.21 2011   12    4
2011.927 55900.5    1.17    1.17    1.17  -10.87   -6.48   -6.48 2011   12    5
2011.930 55901.5    0.04    0.04    0.04  -12.01   -7.55   -7.55 2011   12    6
2011.933 55902.5   -1.41   -1.41   -1.41  -13.48   -8.94   -8.94 2011   12    7
2011.936 55903.5   -2.05   -2.05   -2.05  -14.12   -9.52   -9.52 2011   12    8
2011.938 55904.5    0.49    0.49    0.49  -11.59   -6.93   -6.93 2011   12    9
2011.941 55905.5    2.73    2.73    2.73   -9.35   -4.62   -4.62 2011   12   10
2011.944 55906.5    4.98    4.98    4.98   -7.11   -2.33   -2.33 2011   12   11
2011.947 55907.5    2.59    2.59    2.59   -9.51   -4.66   -4.66 2011   12   12
2011.949 55908.5    0.18    0.18    0.18  -11.93   -6.99   -6.99 2011   12   13
2011.952 55909.5   -2.23   -2.23   -2.23  -14.34   -9.32   -9.32 2011   12   14
2011.955 55910.5   -3.98   -3.98   -3.98  -16.11  -10.99  -10.99 2011   12   15
2011.958 55911.5   -2.78   -2.78   -2.78  -14.91   -9.72   -9.72 2011   12   16
2011.960 55912.5   -1.54   -1.54   -1.54  -13.67   -8.41   -8.41 2011   12   17
2011.963 55913.5   -2.31   -2.31   -2.31  -14.46   -9.12   -9.12 2011   12   18
2011.966 55914.5    1.30    1.30    1.30  -10.85   -5.45   -5.45 2011   12   19
2011.969 55915.5   -2.80   -2.80   -2.80  -14.96   -9.49   -9.49 2011   12   20
2011.971 55916.5    0.19    0.19    0.19  -11.98   -6.43   -6.43 2011   12   21
2011.974 55917.5    0.39    0.39    0.39  -11.79   -6.15   -6.15 2011   12   22
2011.977 55918.5    0.17    0.17    0.17  -12.02   -6.28   -6.28 2011   12   23
2011.979 55919.5   -1.68   -1.68   -1.68  -13.87   -8.07   -8.07 2011   12   24
2011.982 55920.5    1.79    1.79    1.79  -10.41   -4.54   -4.54 2011   12   25
2011.985 55921.5    1.22    1.22    1.22  -10.99   -5.05   -5.05 2011   12   26
2011.988 55922.5    2.39    2.39    2.39   -9.83   -3.81   -3.81 2011   12   27
2011.990 55923.5   -1.42   -1.42   -1.42  -13.64   -7.54   -7.54 2011   12   28
2011.993 55924.5   -1.81   -1.81   -1.81  -14.04   -7.88   -7.88 2011   12   29
2011.996 55925.5   -2.47   -2.47   -2.47  -14.71   -8.50   -8.50 2011   12   30
2011.999 55926.5    0.35    0.35    0.35  -11.89   -5.60   -5.60 2011   12   31
